"","1","2","3","4","5","6","7","8","9","10","11","12","13","14","15","16","17","18","19","20","21","22","23","24","25","26","27","28","29","30","31","32","33","34","35","36","37","38","39","40","41","42","43","44","45","46","47","48","49"
"1",0,0,0,0.104,0,0,0,0.009,0,0.07,0.438,0,0,0,0,0,0,0,0,0.001,0,0,0.004,0.011,0,0,0,0,0,0,0,0.001,0.065,0,0,0,0,0.007,0,0,0,0.014,0,0.093,0,0.024,0,0,0.157
"2",0,0.016,0,0,0.033,0,0,0,0,0,0.408,0,0,0,0.235,0,0,0,0,0.002,0.003,0,0.057,0,0,0,0,0,0.026,0.058,0,0,0,0,0,0,0,0.07,0,0,0,0.077,0,0,0,0,0.011,0.002,0
"3",0,0,0,0,0.001,0,0,0.004,0,0,0.463,0,0,0,0,0,0,0,0.22,0,0,0.004,0,0.015,0,0.009,0,0,0,0,0,0,0,0.009,0,0.001,0,0,0,0,0,0.269,0.002,0,0,0,0,0,0
"4",0,0.07,0,0.035,0,0,0,0,0,0.001,0,0,0,0.103,0,0,0.154,0,0,0,0,0.051,0.358,0,0,0,0,0,0.04,0,0,0,0,0,0,0,0,0,0,0,0,0,0,0,0,0,0.009,0,0
"5",0,0.018,0,0.056,0,0,0,0,0.004,0,0.243,0,0,0,0,0,0,0.001,0,0.019,0,0.126,0.235,0,0,0,0,0,0.011,0.001,0,0,0,0,0.001,0,0,0.058,0.126,0,0,0.061,0,0.001,0,0,0.035,0,0
"6",0,0.01,0,0.013,0,0.002,0,0,0,0,0.598,0,0.001,0,0,0.001,0.001,0,0,0,0,0.011,0.029,0,0.102,0,0,0.032,0.002,0.018,0,0,0,0,0,0,0,0.018,0.018,0,0,0.063,0.017,0,0,0,0.016,0.007,0
"7",0,0,0.016,0.084,0,0.006,0.02,0,0.001,0,0.225,0.002,0,0,0,0,0,0,0.005,0,0.001,0.028,0,0,0,0,0.001,0.006,0,0,0,0,0,0,0.002,0,0,0.065,0.003,0,0,0.488,0,0,0,0.023,0,0,0.007
"8",0.001,0.202,0,0.072,0,0,0.001,0.043,0,0,0.146,0,0,0.003,0,0,0.001,0,0,0.051,0.005,0.039,0,0,0,0,0.003,0.028,0.004,0,0.02,0,0,0,0,0.008,0,0.065,0,0.001,0,0.106,0,0.01,0.001,0.103,0,0,0.085
"9",0,0,0,0.09,0.001,0,0.002,0,0,0,0.022,0,0,0.223,0,0.002,0,0,0.046,0.003,0,0,0,0,0,0,0,0,0,0,0.009,0,0,0.007,0,0,0,0.114,0.009,0.007,0.055,0.011,0.391,0,0,0.008,0,0,0
"10",0.007,0,0,0,0,0.004,0,0,0,0.05,0.299,0,0,0.002,0,0,0,0,0,0,0,0.016,0.001,0,0.01,0,0,0,0,0.206,0.015,0,0.054,0,0,0,0.009,0.002,0.031,0,0.03,0.084,0.023,0.068,0.002,0,0,0,0.052
"11",0,0,0,0.14,0.007,0,0.027,0,0,0.002,0.229,0,0,0,0.001,0,0,0,0.002,0.024,0,0,0.016,0,0,0,0.002,0.016,0,0.001,0,0,0.008,0,0,0,0,0.053,0.023,0.035,0.249,0.154,0,0,0,0,0,0.009,0
"12",0,0,0.014,0,0,0.003,0,0.001,0,0,0.497,0.001,0.007,0,0,0,0,0,0,0,0.001,0.04,0,0,0,0,0,0,0,0.11,0.001,0,0,0,0.001,0,0,0.001,0,0,0.028,0.248,0.043,0,0,0,0,0,0
"13",0,0,0,0.094,0,0,0.001,0,0,0,0,0,0,0,0.145,0,0,0,0,0,0,0,0,0,0,0,0.001,0,0,0,0,0,0,0,0,0,0.005,0.105,0.002,0,0,0.569,0,0.034,0,0,0,0,0.03
"14",0,0,0,0.286,0.025,0,0.038,0,0,0,0.127,0,0,0,0,0,0,0.003,0,0,0,0,0,0,0,0,0,0,0,0,0.058,0,0,0.001,0,0.001,0,0.286,0.067,0,0.005,0.097,0,0,0,0,0,0,0
"15",0,0,0,0.034,0,0,0.001,0,0,0,0.337,0.001,0,0,0.001,0,0,0,0.006,0.021,0,0.053,0,0,0.001,0.005,0.01,0,0.12,0.066,0.001,0,0,0.001,0,0.205,0.001,0,0,0,0.01,0.121,0,0,0,0,0,0,0
"16",0,0,0,0.113,0,0.004,0,0.002,0,0,0.05,0,0,0,0,0.004,0,0,0,0.222,0,0,0.036,0,0,0.014,0,0,0,0,0,0.025,0,0.034,0,0,0,0.081,0,0,0,0.372,0.006,0,0,0.004,0,0,0.025
"17",0,0,0,0.065,0,0,0,0.022,0,0,0.471,0,0,0,0,0,0,0,0.191,0,0,0,0,0,0,0,0.003,0,0,0,0,0,0.002,0.001,0,0,0,0,0,0,0.044,0.133,0.047,0.006,0.002,0,0.008,0,0.001
"18",0,0,0,0.053,0,0,0,0,0,0,0.09,0.018,0,0,0.003,0,0.006,0,0,0,0,0.107,0.078,0.003,0,0,0,0,0,0,0,0,0,0,0,0.002,0,0.044,0.137,0.007,0.068,0.353,0,0,0,0,0.007,0,0
"19",0.001,0,0.001,0.037,0,0.001,0.08,0,0,0.001,0.049,0,0.003,0,0.147,0,0,0,0,0.001,0,0.057,0.062,0,0,0,0,0,0,0.016,0.007,0,0,0.036,0,0,0.001,0.091,0.063,0,0,0.333,0,0,0,0,0.004,0.006,0
"20",0,0,0,0.163,0,0,0,0.009,0.001,0.006,0.453,0,0,0,0.001,0.001,0,0,0,0.029,0.006,0,0.048,0.001,0.069,0,0,0,0,0,0.009,0,0,0,0,0,0,0.006,0.021,0,0,0.059,0,0.043,0,0.033,0,0.019,0.022
"21",0,0,0,0.064,0,0,0.001,0,0,0.034,0.354,0,0,0,0,0,0,0,0.026,0.016,0,0.09,0,0,0,0.002,0,0,0.001,0.01,0,0,0,0,0,0,0,0.069,0,0.001,0,0.138,0,0.036,0.004,0.054,0,0.098,0
"22",0,0,0,0.024,0,0,0,0.001,0,0,0.021,0,0.001,0.002,0.001,0,0.013,0,0.011,0,0,0.219,0.015,0,0,0.004,0,0.049,0,0,0,0.006,0,0.006,0,0,0,0.146,0,0,0,0.438,0.005,0,0,0,0.037,0,0
"23",0,0,0.038,0.091,0,0,0,0,0,0.001,0.596,0.009,0.024,0,0,0.001,0.03,0,0,0.002,0,0.001,0,0,0,0.001,0,0,0.018,0,0,0,0,0.001,0.001,0,0.017,0,0,0,0,0.114,0.005,0.035,0,0,0,0,0.01
"24",0.001,0.025,0,0.06,0,0,0.001,0,0,0.017,0.458,0.005,0,0,0.001,0,0,0.002,0,0,0,0.045,0,0,0.01,0.003,0,0.009,0.001,0.021,0,0.004,0,0.068,0,0.01,0.007,0.001,0,0,0,0.22,0.007,0,0,0,0,0.018,0
"25",0,0,0,0.021,0,0.007,0.009,0,0,0,0,0.011,0,0,0.227,0,0.003,0,0,0.342,0.006,0,0.003,0,0,0,0,0.006,0.006,0,0,0.008,0.003,0,0,0.001,0,0.133,0,0,0.011,0.197,0,0,0,0,0,0,0
"26",0.011,0,0,0.116,0,0,0,0.001,0,0,0.029,0,0,0.029,0,0,0,0,0,0.55,0.004,0,0,0,0,0.014,0,0.025,0,0,0,0.011,0,0,0,0,0.002,0,0.087,0,0,0.089,0,0,0.006,0.007,0,0,0
"27",0,0.008,0,0.04,0,0.002,0,0.037,0,0,0.141,0,0,0,0.041,0.001,0,0,0.001,0,0,0.14,0,0,0,0.014,0,0,0,0.053,0.003,0.008,0.006,0.001,0,0,0,0.027,0,0,0,0.414,0.014,0,0,0,0.047,0,0
"28",0,0.002,0,0.033,0,0,0,0,0.006,0,0.091,0,0,0.385,0.001,0.001,0,0,0,0.001,0,0.017,0,0.081,0.004,0.019,0.01,0.003,0,0.003,0,0.001,0,0,0,0.001,0,0.014,0,0,0,0.046,0.015,0,0,0.233,0,0,0
"29",0.002,0,0,0.207,0,0,0,0,0,0,0,0,0,0.041,0,0,0.001,0.003,0,0.085,0,0.031,0.001,0,0.002,0,0,0.183,0,0,0.001,0,0,0,0,0.003,0,0.124,0,0,0,0.315,0,0.001,0,0,0,0,0
"30",0.009,0,0.001,0.149,0,0,0,0,0,0,0.092,0,0,0.04,0,0.002,0,0,0.041,0,0,0.002,0,0,0,0.003,0.001,0.001,0,0.005,0.003,0,0.001,0,0.001,0,0,0.148,0,0,0,0.414,0.015,0.027,0,0,0,0,0.026
"31",0.001,0,0.005,0.221,0,0,0,0.199,0,0,0,0,0.008,0,0,0,0.017,0,0.001,0.154,0,0.082,0.005,0,0,0,0,0.001,0.003,0,0,0.013,0.013,0,0.002,0,0,0.097,0.143,0,0,0.028,0,0,0.001,0,0,0.008,0
"32",0,0.003,0,0.004,0,0.002,0,0.018,0,0,0.37,0.002,0,0,0,0,0,0,0.001,0,0,0.071,0,0,0,0,0,0.008,0,0.003,0,0.015,0,0,0,0.005,0,0.005,0,0,0.003,0.301,0.029,0.072,0,0,0.002,0.004,0.067
"33",0,0,0.002,0.051,0,0,0,0.043,0,0,0.105,0.007,0,0,0,0,0,0,0.035,0,0,0.123,0,0,0,0.001,0,0.009,0.002,0,0.01,0,0,0,0,0,0,0.032,0,0,0,0.535,0,0,0,0,0.005,0.038,0
"34",0,0,0,0.02,0,0,0,0.002,0,0,0,0,0,0.001,0,0,0.021,0,0.034,0.044,0.001,0.031,0,0.003,0,0,0.001,0.679,0,0.001,0.006,0.007,0.001,0,0,0,0.001,0.101,0.002,0,0,0,0,0,0.002,0,0,0,0
"35",0,0,0,0,0.001,0,0,0,0,0,0.476,0,0.001,0,0,0,0,0,0.226,0,0,0.001,0,0.02,0,0.005,0,0,0,0,0,0.002,0,0.011,0,0,0,0,0,0.001,0,0.25,0,0,0.003,0,0,0,0
"36",0,0.012,0,0.118,0,0,0.355,0.004,0,0.001,0.034,0,0,0,0,0,0,0,0,0.284,0,0,0,0,0,0.021,0,0.007,0,0,0,0,0,0,0,0,0,0.129,0,0.001,0.006,0.02,0,0,0,0,0,0,0.004
"37",0,0.007,0,0.143,0,0,0.045,0.023,0,0.001,0,0,0.001,0,0,0,0,0,0.006,0.045,0,0.094,0.001,0.001,0,0.008,0,0.051,0.001,0.001,0,0,0,0,0,0,0.005,0.34,0.001,0,0,0.214,0.009,0.001,0.001,0,0,0,0
"38",0,0,0.001,0.081,0,0.001,0,0,0.002,0.042,0.121,0,0,0,0.001,0,0,0,0,0.084,0.004,0.178,0.001,0.002,0,0,0,0,0,0,0.034,0,0,0,0,0,0,0.282,0,0,0.009,0.04,0.023,0,0.002,0,0,0,0.093
"39",0,0.001,0,0.266,0,0,0.692,0,0,0,0,0,0,0,0,0,0,0,0,0.037,0,0,0,0,0,0,0,0,0,0,0,0,0,0,0,0,0,0,0,0,0,0,0,0,0,0,0,0,0
"40",0,0.048,0,0.116,0.001,0.003,0,0.01,0.002,0,0.112,0,0,0.004,0.001,0,0.005,0,0,0,0,0.024,0,0,0.005,0,0,0,0.011,0.058,0,0,0,0,0,0,0,0.321,0.043,0.003,0,0.164,0,0.005,0.031,0.015,0.009,0.009,0
"41",0,0,0,0.007,0,0,0.13,0,0,0.002,0.302,0,0,0.001,0,0,0,0,0,0.082,0,0.104,0,0.004,0,0.001,0,0,0.002,0,0.005,0.012,0,0.007,0,0,0,0.152,0,0,0.001,0.064,0.001,0.041,0,0,0.024,0,0.012
"42",0,0,0,0.252,0.001,0.001,0.005,0,0,0,0.156,0.004,0,0,0.004,0,0,0,0,0.105,0.002,0.013,0.14,0,0.02,0,0,0.014,0.056,0,0,0,0,0,0,0,0,0.159,0.062,0,0,0.004,0.001,0,0,0,0,0.001,0
"43",0,0,0.028,0.178,0,0.003,0,0,0.027,0.001,0.075,0,0.002,0.002,0,0,0.005,0,0,0,0,0,0.006,0,0,0,0.04,0,0.017,0,0,0,0.002,0.005,0,0,0.01,0.097,0.024,0.001,0,0.474,0,0,0,0,0,0,0
"44",0,0.001,0,0.164,0,0.001,0.01,0.03,0,0,0.001,0,0,0,0,0,0.003,0,0,0.243,0.001,0.088,0,0.001,0.009,0,0,0.008,0,0,0,0,0,0,0,0,0.001,0.258,0,0,0,0.084,0,0,0,0,0,0,0.098
"45",0.002,0,0,0.119,0.001,0,0.049,0.035,0,0,0.092,0.018,0,0.001,0.001,0,0,0,0,0.044,0,0.017,0,0,0,0.006,0.022,0,0,0.002,0,0,0.003,0,0,0,0.003,0.039,0.029,0.003,0,0.47,0.039,0,0,0,0,0.002,0
"46",0.001,0,0.013,0.098,0,0.001,0.004,0.031,0,0,0.252,0,0,0.002,0,0.015,0.002,0.001,0,0,0.001,0.034,0,0,0,0.056,0.01,0.002,0.01,0,0.001,0,0,0.001,0.003,0,0.002,0.003,0,0,0,0.384,0.014,0,0.004,0.035,0.002,0.003,0.015
"47",0,0,0,0.036,0.047,0,0.002,0.017,0.003,0,0.128,0,0,0.299,0,0,0,0,0,0,0,0,0,0,0.001,0,0,0,0,0,0,0,0,0.017,0.001,0,0.001,0.005,0,0,0,0.051,0.034,0,0.002,0.274,0,0.001,0.073
"48",0,0,0,0.001,0.001,0,0,0,0.001,0,0,0,0,0,0,0,0,0,0,0.031,0,0.032,0,0,0,0,0,0.903,0.002,0,0,0,0,0,0,0,0,0.025,0,0,0,0,0,0,0,0,0,0,0
"49",0.012,0,0.007,0.018,0,0,0,0,0,0.058,0.465,0.001,0.008,0,0,0,0,0,0.047,0.054,0,0.094,0,0,0,0.001,0,0.016,0,0,0.005,0.001,0.003,0.037,0,0,0,0.003,0,0,0,0.149,0.001,0.001,0,0.001,0.001,0.015,0
"50",0,0,0,0.044,0,0,0,0.101,0,0,0.234,0,0,0.001,0,0,0,0,0.149,0,0.006,0,0.001,0,0,0,0,0,0,0,0.007,0,0,0,0,0,0,0.162,0,0,0,0.271,0,0,0,0.018,0,0,0.001
"51",0.003,0.016,0,0,0,0,0.061,0.024,0.001,0,0.389,0,0,0.001,0,0,0,0,0,0.004,0,0.18,0,0,0,0.257,0,0.004,0,0.001,0,0,0,0,0,0,0.001,0.008,0,0,0,0.025,0.001,0,0,0,0.015,0.006,0
"52",0,0.007,0,0,0,0,0,0,0,0.002,0.611,0.002,0,0.002,0.001,0.001,0,0,0,0.002,0,0.039,0.006,0,0,0.01,0,0,0,0.155,0,0,0,0,0,0,0,0.003,0.002,0.001,0.001,0.002,0.023,0.07,0,0.001,0.043,0.016,0
"53",0,0.076,0.001,0.018,0,0.001,0,0,0,0.164,0.347,0,0.003,0,0,0,0,0,0,0.023,0,0.031,0,0,0,0,0,0,0,0.045,0,0,0,0,0,0,0,0.056,0,0,0,0.114,0,0,0.003,0.043,0,0,0.075
"54",0.006,0,0,0.145,0.074,0,0.021,0,0,0,0.021,0,0.014,0.298,0.018,0,0.025,0,0,0.01,0,0.037,0,0,0,0,0.106,0,0,0,0.004,0.007,0,0,0,0,0,0.019,0.011,0,0,0,0.001,0,0,0.078,0,0,0
"55",0.001,0.001,0.001,0.001,0.158,0.001,0.001,0.001,0.086,0.001,0.001,0.001,0.001,0.327,0.013,0.001,0.001,0.001,0.001,0.001,0.013,0.001,0.001,0.001,0.001,0.001,0.001,0.001,0.001,0.013,0.001,0.001,0.001,0.037,0.001,0.001,0.013,0.001,0.025,0.001,0.001,0.001,0.254,0.001,0.013,0.001,0.001,0.001,0.001
"56",0,0.03,0,0.17,0.003,0.003,0,0,0,0,0.211,0,0,0,0,0,0,0,0.014,0,0,0,0,0.018,0,0,0,0,0.009,0,0.002,0,0,0.015,0,0,0.003,0.052,0,0,0,0.386,0.009,0,0.002,0,0.012,0.02,0.038
"57",0.002,0.277,0,0,0,0,0,0.003,0,0,0.035,0,0,0,0,0,0,0,0,0.295,0,0.322,0,0,0,0,0,0,0.001,0.002,0,0,0,0,0,0,0,0.012,0.001,0,0.001,0.047,0,0.001,0,0,0,0,0
"58",0,0,0,0.188,0,0,0,0,0.002,0,0,0,0,0,0,0,0.008,0,0,0.112,0,0,0,0,0.001,0,0,0,0,0,0,0,0.018,0,0,0,0,0.18,0.246,0,0,0,0,0,0,0.008,0,0,0.235
"59",0.002,0.001,0,0,0,0,0,0,0,0,0.418,0,0,0,0,0.008,0,0,0.069,0.001,0.033,0,0.019,0.002,0,0.003,0,0.004,0.001,0.012,0,0,0.003,0.145,0,0,0,0,0,0.018,0,0.234,0,0.006,0,0.018,0.003,0,0
"60",0,0,0,0.075,0,0,0.001,0.026,0,0.086,0.447,0,0,0,0,0,0.001,0,0,0.002,0,0.201,0,0,0.064,0,0,0.009,0.003,0,0,0,0,0.004,0.014,0,0,0,0,0,0,0,0,0.006,0,0,0.014,0,0.046
"61",0,0.019,0.088,0.065,0.002,0,0.001,0,0,0,0.197,0,0,0,0.001,0,0.009,0,0.008,0,0,0.022,0,0,0,0.001,0,0.006,0,0,0,0,0,0.074,0,0,0,0,0,0,0.002,0.406,0.046,0,0,0.002,0.005,0.045,0.001
"62",0.032,0.016,0.034,0.105,0,0,0.064,0,0,0,0.112,0.001,0.012,0,0,0,0,0,0.03,0.001,0,0.062,0.05,0,0,0,0.001,0.001,0,0.004,0.023,0.001,0.001,0,0,0.029,0,0.199,0.151,0,0,0.051,0,0,0.014,0,0.003,0,0
"63",0,0.178,0.005,0.095,0,0,0.008,0.027,0,0.005,0.152,0,0,0,0,0,0,0,0,0.016,0,0,0,0,0,0,0,0.011,0.015,0,0,0,0,0.005,0.022,0,0,0.152,0,0,0.008,0.283,0,0,0,0,0.008,0,0.01
"64",0,0.001,0.014,0.095,0,0,0,0,0.007,0,0.011,0,0,0,0.001,0,0,0.018,0.006,0,0,0.088,0,0,0.007,0,0,0.001,0,0.079,0,0,0,0,0.001,0,0,0.484,0,0,0,0.179,0,0,0.003,0,0,0,0
"65",0.016,0.022,0,0,0,0,0.014,0,0.005,0.004,0.449,0,0,0,0,0,0,0,0,0,0,0,0,0.001,0.001,0.005,0.105,0.011,0,0.005,0,0,0,0,0.033,0,0,0,0,0,0,0.284,0,0,0,0,0.042,0,0
"66",0,0.001,0,0.147,0,0,0.051,0,0.002,0,0.027,0,0,0,0,0,0.05,0,0,0.441,0,0,0,0,0,0,0.003,0.01,0.008,0,0,0,0,0,0,0.015,0,0.221,0,0,0.001,0.013,0,0,0,0,0,0.003,0
"67",0,0,0,0.117,0.001,0.015,0,0.037,0,0,0.266,0,0,0,0,0.001,0,0.001,0,0,0.001,0.039,0,0,0,0,0,0,0,0,0,0,0.017,0,0,0,0,0,0.043,0,0.002,0.247,0,0,0,0.023,0.009,0.138,0.027
"68",0,0.018,0,0.152,0,0,0,0,0,0,0.221,0,0,0.01,0.003,0,0,0,0,0,0,0.007,0,0,0.016,0,0,0,0.063,0,0.001,0,0,0,0,0,0,0.03,0,0,0.121,0.32,0,0,0,0,0.03,0,0.001
"69",0,0.073,0,0,0.017,0,0,0.006,0,0,0,0,0,0.328,0.001,0,0.031,0,0,0.011,0,0.007,0.025,0,0.002,0,0,0.006,0.033,0.012,0,0,0,0,0.12,0,0,0.037,0,0,0.007,0.098,0.034,0.005,0,0.011,0.036,0,0
"70",0,0,0,0.189,0,0,0.007,0.09,0.154,0.001,0.075,0,0.003,0,0,0.003,0,0.001,0,0,0,0,0,0.002,0,0.007,0.064,0,0.01,0.003,0,0,0.042,0.015,0.048,0,0,0.001,0,0,0,0.278,0,0,0,0.001,0.001,0,0
"71",0,0,0,0.086,0,0,0.001,0,0,0.013,0.1,0,0,0.117,0,0,0,0,0.001,0,0,0.007,0,0,0,0,0.001,0,0,0,0,0.003,0.003,0.001,0.001,0.003,0.001,0.005,0,0.002,0,0,0.033,0,0,0.58,0,0,0.004
"72",0.001,0,0.03,0.184,0.017,0,0,0,0,0,0,0,0.004,0.172,0,0,0,0,0,0,0,0,0,0,0,0,0.017,0,0,0,0,0,0,0,0,0,0,0.098,0.14,0,0,0.054,0.244,0.001,0,0.017,0,0,0.019
"73",0,0.155,0,0,0,0,0.001,0.002,0,0,0.285,0,0,0,0,0,0,0,0,0,0.002,0.019,0,0,0.02,0,0,0.002,0.033,0.459,0,0.003,0,0,0.002,0.001,0,0,0,0,0,0.012,0,0,0,0,0,0,0
"74",0,0.014,0,0,0.618,0.001,0,0,0,0,0.037,0,0,0.183,0,0,0,0,0,0,0,0,0.009,0,0.003,0,0,0,0,0.006,0,0,0,0,0,0.002,0,0.002,0,0,0.002,0.009,0.015,0,0,0,0,0,0
"75",0,0,0.001,0.008,0,0,0,0,0,0,0.015,0,0,0.027,0,0,0.009,0.001,0,0.006,0.859,0,0,0,0,0.001,0,0,0.002,0,0,0,0,0,0,0,0,0,0,0,0,0,0,0,0,0,0.008,0,0
"76",0,0.036,0,0.055,0,0,0.015,0,0.003,0,0.002,0,0,0.001,0,0,0,0,0,0.067,0,0.143,0,0,0,0,0,0.098,0.049,0,0,0,0,0,0,0,0,0.266,0,0,0,0.206,0.002,0,0,0,0.009,0.001,0
"77",0,0,0.009,0.215,0,0,0.024,0.003,0.012,0.001,0.127,0,0,0,0,0,0.006,0.025,0,0,0,0.027,0,0.001,0,0.019,0.018,0,0.001,0,0,0.001,0.008,0.001,0,0,0.016,0.063,0.193,0,0,0.176,0,0.051,0.002,0.002,0,0,0
"78",0.003,0,0.013,0.069,0,0,0,0.028,0.026,0.032,0.299,0.014,0.005,0.01,0.002,0,0,0.04,0.014,0,0.003,0.042,0,0.005,0,0.011,0,0.024,0.001,0,0,0,0,0,0,0,0,0,0,0,0.032,0.3,0.017,0,0,0,0.012,0,0
"79",0,0,0,0.269,0,0,0,0,0.001,0,0.027,0.002,0.001,0.003,0,0,0,0,0,0,0,0.001,0,0,0.004,0.057,0,0.023,0,0.01,0,0,0,0,0,0,0,0.168,0,0,0.001,0.385,0.014,0,0,0,0.015,0,0.015
"80",0.193,0.117,0,0,0,0,0,0,0.001,0,0.105,0,0,0.24,0,0,0,0,0,0,0,0,0,0.105,0.008,0,0,0,0,0.136,0,0.002,0,0,0,0,0.001,0,0,0,0,0,0,0.019,0,0.038,0,0,0
"81",0,0,0,0.124,0,0,0,0.028,0,0,0.135,0.003,0.043,0,0,0,0.004,0,0.012,0.133,0.003,0,0,0,0,0,0.035,0,0,0,0,0.001,0,0,0.006,0.004,0,0.074,0.341,0,0.031,0,0.001,0.014,0,0,0,0,0.003
"82",0,0.03,0,0.302,0.001,0,0.005,0.022,0,0,0,0.006,0,0,0,0,0,0,0.001,0,0,0,0,0,0,0.001,0,0,0.001,0,0.02,0,0,0,0,0,0,0.16,0,0.003,0,0.245,0.002,0,0.002,0,0,0,0.182
"83",0.001,0.001,0,0,0,0.005,0.407,0,0,0.002,0.287,0,0.001,0,0,0,0,0,0,0,0,0.014,0.047,0,0.001,0.048,0,0,0,0.002,0,0,0,0,0,0,0.001,0.077,0.024,0,0,0.042,0.001,0.008,0.002,0,0,0,0
"84",0,0,0.011,0.153,0,0,0,0.011,0,0,0.072,0,0,0.036,0,0.001,0.001,0.02,0.024,0,0,0.075,0.001,0,0,0.033,0,0.013,0,0.02,0,0,0.026,0,0,0.001,0.007,0.1,0,0,0,0.373,0.016,0,0,0.006,0.001,0,0
"85",0,0,0,0.081,0.001,0,0.04,0.059,0,0.017,0.104,0,0,0.001,0,0,0,0,0,0.022,0,0.124,0,0,0,0,0.001,0,0.015,0.001,0.001,0.001,0,0,0.001,0,0.001,0.019,0,0,0.02,0.439,0,0,0,0.03,0,0,0.023
"86",0,0,0,0.117,0.03,0.021,0.01,0.008,0,0,0.034,0.001,0,0.173,0,0,0,0,0.02,0.018,0.003,0,0,0.001,0,0.003,0,0.001,0,0,0,0,0.068,0.024,0,0,0,0.005,0.015,0,0,0.039,0.094,0,0.03,0.238,0.021,0.004,0
"87",0,0,0,0.183,0,0,0,0,0,0.001,0.367,0.003,0,0,0,0,0.001,0,0,0,0,0.022,0,0.001,0.002,0,0.048,0.001,0,0,0,0,0,0,0,0.188,0,0.033,0.002,0,0.001,0.094,0,0,0,0,0,0,0.007
"88",0.003,0.145,0,0.146,0,0.001,0.012,0,0,0,0.046,0.001,0,0,0,0,0,0,0,0.101,0,0.289,0.004,0,0,0,0,0.083,0.016,0,0,0,0,0,0,0.015,0,0.082,0,0,0.001,0,0,0.003,0,0,0.052,0,0
"89",0,0.413,0.014,0.037,0.001,0,0,0,0.001,0.001,0.287,0.001,0,0.001,0,0,0.001,0,0.002,0.027,0.002,0.002,0.124,0,0.005,0,0,0.011,0,0,0.001,0,0,0,0,0,0,0,0.051,0.001,0,0.002,0,0,0,0,0,0.006,0
"90",0,0,0,0.203,0,0,0,0.038,0,0.001,0.097,0,0,0,0,0,0,0,0,0,0,0.029,0,0,0,0.005,0,0,0,0,0.009,0,0,0,0.003,0,0,0.103,0,0,0.001,0.455,0.024,0,0,0.003,0.003,0,0.024
"91",0,0.084,0,0.11,0.004,0,0.003,0.171,0,0,0.17,0,0,0,0,0,0,0,0,0.001,0,0.099,0.002,0.001,0,0,0,0,0,0,0,0,0.001,0,0,0,0,0.043,0,0,0.009,0.298,0.001,0,0,0,0.001,0,0.001
"92",0,0,0,0.065,0.006,0,0.003,0,0,0,0.045,0,0,0.268,0.004,0,0,0,0,0.012,0,0,0.002,0,0,0.002,0,0,0,0,0,0.001,0,0,0,0,0.012,0.015,0.001,0,0,0.012,0.269,0.065,0,0,0.002,0,0.013
"93",0.01,0.023,0.001,0.157,0.002,0,0.079,0,0,0,0.145,0,0.027,0,0.097,0,0,0,0.001,0,0,0.028,0.049,0,0,0.02,0.06,0,0.005,0.011,0.024,0,0,0,0.002,0.002,0,0.011,0.236,0.002,0,0,0,0.006,0,0,0,0,0
"94",0.001,0.017,0,0.177,0.001,0.001,0,0.001,0,0,0.287,0,0,0.012,0,0,0.028,0,0,0,0,0.125,0.001,0,0,0.003,0,0.005,0,0,0.003,0.001,0,0.001,0,0,0.001,0.028,0,0,0.061,0.207,0.003,0,0,0,0.03,0,0.005
"95",0,0,0.001,0.134,0,0,0.006,0,0,0,0.025,0,0.007,0,0,0,0.001,0,0,0.037,0.001,0.072,0.017,0,0.001,0.006,0.026,0.025,0,0,0.014,0.008,0.001,0,0,0,0,0.067,0.086,0,0,0.435,0,0.001,0,0,0.022,0.007,0.001
"96",0,0,0,0.295,0,0.003,0,0,0,0,0.033,0,0.001,0.018,0.001,0,0,0.036,0.016,0,0.002,0.045,0,0,0.006,0,0.001,0,0,0,0,0,0.011,0,0,0,0,0.075,0.022,0,0.007,0.379,0.02,0.004,0,0.021,0,0,0.001
"97",0.001,0.034,0.001,0.158,0.005,0,0,0.036,0.001,0,0.134,0,0,0,0.001,0,0,0,0.001,0,0.001,0.141,0,0.027,0,0.006,0,0,0.011,0.013,0.017,0.001,0.008,0,0,0,0.001,0.108,0,0,0,0.258,0,0,0,0,0.011,0.01,0.008
"98",0,0.003,0.012,0.03,0,0,0.003,0.005,0,0,0.331,0.021,0.012,0.003,0,0,0,0,0,0.288,0.003,0.003,0,0,0,0,0,0.101,0,0,0,0,0,0,0,0,0,0.023,0,0,0,0.101,0,0,0,0,0,0.009,0
"99",0,0,0,0.043,0,0.002,0,0,0.011,0.014,0.332,0,0,0,0,0,0,0,0.005,0.009,0,0.02,0,0,0,0,0.001,0,0,0,0,0.003,0,0,0.267,0,0,0,0,0.001,0.03,0.168,0.014,0.011,0.001,0,0,0.067,0
"100",0.001,0.001,0.004,0.272,0,0,0,0,0,0,0.161,0,0,0.007,0.01,0,0,0.046,0,0.006,0,0.023,0,0,0,0.003,0.001,0,0.001,0,0.054,0.004,0.018,0.001,0.01,0.001,0,0.039,0.002,0.001,0,0.188,0,0,0.002,0.027,0,0,0.107
"101",0,0.003,0,0.095,0,0,0.106,0,0,0,0.177,0,0.059,0,0.023,0,0,0,0,0.019,0.002,0,0.223,0.001,0,0,0.052,0.027,0,0.082,0,0,0.023,0,0,0,0,0,0.036,0.06,0,0.009,0.001,0,0,0,0,0,0.001
"102",0,0.026,0.013,0.074,0,0,0,0,0,0.01,0.321,0,0,0,0,0,0,0.001,0.227,0,0,0.04,0.004,0.004,0,0,0,0,0.001,0,0.003,0.011,0.047,0.025,0,0,0,0.006,0.014,0,0,0.129,0,0,0,0,0,0.043,0
"103",0,0,0,0.062,0,0.002,0,0,0.044,0.023,0.177,0,0,0,0.002,0,0.016,0,0,0.038,0,0.082,0.214,0,0,0,0,0.001,0.082,0,0,0,0,0,0.002,0,0,0,0.248,0,0.001,0.001,0,0,0,0,0,0,0
"104",0.006,0,0,0.15,0,0,0,0.018,0,0,0.035,0,0.001,0.001,0,0,0,0,0.018,0,0,0.171,0,0.001,0.001,0,0.004,0,0,0.009,0,0,0,0,0.001,0,0,0.162,0.003,0,0,0.361,0.035,0,0,0,0.018,0,0
"105",0,0,0.012,0.093,0.005,0,0.321,0,0.001,0.002,0.046,0,0.001,0,0.024,0,0.009,0,0,0.022,0.001,0.028,0.061,0,0,0.023,0.006,0.02,0,0,0,0,0,0,0.001,0,0,0,0.081,0.014,0,0.217,0,0.007,0,0,0,0.005,0
"106",0.002,0,0.023,0.462,0,0,0,0,0,0,0.001,0,0.029,0,0,0.004,0,0.089,0,0.001,0,0.078,0,0,0,0,0,0,0,0,0,0,0.001,0,0.002,0,0.001,0.112,0,0.005,0.044,0.141,0,0,0,0.002,0,0.003,0
"107",0,0,0,0.065,0,0,0,0,0,0,0.056,0.001,0,0.092,0,0,0,0.008,0.001,0.001,0.001,0.02,0.057,0,0,0.002,0,0,0.015,0.001,0,0,0.006,0,0.006,0,0,0.021,0.012,0,0,0,0.096,0.001,0.132,0.001,0.318,0,0
"108",0,0,0.1,0.093,0.001,0,0,0.002,0,0,0.307,0,0,0,0,0,0,0.001,0,0,0,0,0.029,0,0,0,0.018,0,0,0.018,0,0.001,0.055,0,0,0,0,0.017,0.03,0.004,0,0.187,0,0.007,0.091,0.037,0,0,0
"109",0.003,0.145,0,0.045,0,0,0,0,0,0,0.344,0,0,0,0.107,0.001,0,0,0.009,0.043,0,0.029,0,0,0.001,0,0,0,0.037,0.058,0,0,0,0.001,0,0.001,0,0.073,0,0,0,0.012,0.002,0,0,0,0.007,0.007,0.073
"110",0,0.013,0,0.319,0,0,0,0,0,0.049,0,0,0,0,0.015,0.003,0,0,0,0.101,0,0.211,0,0,0,0,0,0.007,0,0,0,0,0,0,0,0,0,0.146,0,0.001,0.065,0.012,0,0,0,0,0.009,0,0.033
"111",0,0,0,0.153,0,0.005,0,0.004,0.004,0.004,0.145,0.008,0,0.001,0.014,0,0,0,0,0,0,0.093,0,0,0.001,0.001,0.032,0,0,0,0,0,0,0,0.002,0,0.001,0.14,0.198,0,0,0.186,0,0,0,0,0.001,0.007,0
"112",0,0,0,0.021,0,0,0,0,0,0,0.135,0,0,0.054,0,0,0,0,0,0,0,0.011,0,0.052,0.012,0,0,0,0,0,0,0,0,0,0.001,0,0,0,0,0,0.009,0,0.563,0.028,0.029,0,0,0,0.015
"113",0.022,0,0.022,0.15,0,0.001,0,0,0,0,0,0.002,0,0.001,0,0,0,0.011,0.023,0.044,0.002,0.002,0.002,0,0,0,0,0.011,0.002,0,0,0,0,0.023,0,0,0,0.259,0,0,0,0.325,0.036,0,0.042,0,0,0.003,0.001
"114",0,0,0.001,0.08,0,0,0,0.033,0,0,0.201,0,0,0,0.046,0,0,0,0,0,0,0.403,0,0,0,0,0,0.01,0,0,0,0.003,0.002,0.099,0,0.009,0.004,0.019,0,0,0,0.067,0,0.004,0,0,0,0.013,0.005
"115",0,0,0.01,0.134,0.001,0.001,0.012,0,0.029,0.007,0.169,0,0,0.001,0,0,0,0,0,0.001,0,0.107,0.081,0,0,0,0,0.011,0,0.004,0.001,0,0,0.007,0,0,0,0.005,0.015,0,0.004,0.369,0,0,0,0,0.013,0.016,0
"116",0.005,0.007,0,0.088,0.001,0.015,0.061,0,0.026,0,0.37,0,0.001,0.001,0,0,0.001,0.001,0.028,0,0.002,0,0.001,0,0,0.001,0,0.017,0,0.009,0,0.002,0,0.083,0.002,0.001,0,0.003,0,0,0,0.269,0.003,0,0,0,0.001,0,0
"117",0,0,0,0.092,0.002,0,0,0.095,0.04,0,0.285,0,0,0,0.001,0,0,0,0.013,0,0,0.088,0,0.001,0,0.014,0.011,0,0,0,0,0,0.001,0,0,0,0,0.007,0,0,0.001,0.249,0.016,0.02,0,0.001,0.034,0.005,0.021
"118",0.003,0,0,0.294,0,0,0,0.001,0.035,0,0.07,0,0,0,0,0,0.023,0.023,0.005,0.001,0.001,0.003,0.018,0,0.001,0.001,0,0,0,0,0,0,0,0,0,0,0,0.022,0,0,0.187,0.181,0.017,0.054,0,0,0,0,0.054
"119",0,0,0.001,0.237,0,0,0,0.004,0.011,0,0.112,0,0,0,0,0,0,0.043,0.006,0.008,0,0.404,0,0.004,0.002,0,0,0.016,0.001,0,0.001,0,0.002,0.01,0.009,0.004,0.001,0,0,0.003,0.022,0.087,0,0,0,0.011,0,0,0
"120",0,0,0.02,0.014,0,0,0,0,0.003,0.001,0.058,0,0,0.069,0,0,0.002,0.003,0.004,0,0,0.011,0,0,0.014,0,0,0.001,0,0,0,0,0,0.007,0,0,0,0.001,0,0,0.023,0.022,0.608,0.001,0,0,0.034,0,0
"121",0,0.001,0.001,0.04,0.002,0.002,0.026,0,0,0,0.006,0,0,0.006,0.006,0,0,0,0,0.317,0.002,0.008,0.035,0,0,0,0,0.363,0.002,0,0,0,0,0.002,0.006,0,0.006,0.159,0,0,0,0,0,0,0,0,0.001,0,0
"122",0.001,0,0,0,0.05,0.035,0,0.174,0,0.005,0.127,0,0,0.164,0.014,0,0,0,0,0,0.007,0.043,0,0.006,0,0.003,0,0,0,0,0,0,0,0,0,0.006,0,0,0.001,0,0,0.069,0.154,0.024,0,0.025,0.08,0.005,0
"123",0.001,0,0.001,0.13,0.001,0,0.001,0.069,0.047,0,0.335,0,0.02,0,0.024,0,0,0,0,0,0,0.017,0.041,0.001,0,0,0.022,0.02,0,0,0.001,0.001,0,0,0.001,0,0,0,0.039,0.003,0,0.173,0.013,0,0,0.001,0,0.032,0.005
"124",0,0,0.002,0.231,0,0.001,0,0,0.018,0.001,0.097,0.037,0,0,0.092,0,0,0.006,0,0.007,0.001,0.025,0,0.001,0,0,0,0,0,0,0.006,0,0,0,0,0.003,0.001,0.19,0.005,0,0,0.242,0,0,0,0,0,0,0
"125",0.001,0.418,0,0,0,0.001,0.025,0,0,0,0.375,0,0,0,0,0,0,0,0,0.027,0,0.002,0,0,0,0.012,0,0.027,0.002,0,0,0.007,0,0,0,0.001,0,0,0.002,0.022,0,0.042,0,0,0,0,0,0.006,0
"126",0,0,0,0.039,0,0,0,0,0.02,0,0.536,0,0,0,0.001,0,0,0,0.003,0,0,0.008,0.074,0.001,0,0,0,0,0,0,0,0,0,0,0,0,0.011,0,0.055,0,0.002,0.096,0.043,0.106,0,0,0.002,0,0
"127",0,0,0,0.144,0.004,0,0,0.001,0.06,0.001,0.203,0,0,0,0,0,0.001,0.008,0,0,0,0.022,0,0,0,0,0.001,0,0,0,0,0,0.105,0,0.019,0,0,0.008,0.091,0,0.053,0.245,0,0.002,0.017,0,0,0.013,0
"128",0.007,0,0,0.242,0,0.004,0.039,0,0,0,0.035,0.005,0.001,0.007,0,0,0,0,0,0.065,0,0.08,0.006,0,0,0.001,0,0.002,0,0,0,0,0,0,0.002,0,0,0.36,0,0,0,0.078,0,0,0.01,0,0,0,0.048
"129",0,0.001,0,0.311,0,0.033,0,0.011,0,0.025,0.136,0.004,0,0.003,0,0,0,0,0,0,0.005,0.025,0,0,0,0,0,0.001,0,0,0.001,0,0.025,0,0.01,0.001,0,0,0,0,0.007,0.232,0.02,0,0,0,0,0.013,0.138
"130",0,0,0,0.177,0,0,0,0.015,0,0,0.04,0,0.001,0.001,0,0.003,0,0.068,0.005,0.105,0.016,0.056,0,0,0,0,0,0.031,0,0.004,0,0,0,0.007,0,0,0,0.034,0,0,0,0.425,0,0.003,0.005,0,0.003,0,0
"131",0,0.102,0,0.166,0,0,0.044,0,0,0,0.146,0.01,0,0,0,0,0,0,0,0,0,0.186,0,0,0,0.028,0,0.02,0.01,0,0.001,0.023,0.008,0,0,0,0,0,0.002,0,0.059,0.114,0.002,0.01,0,0,0,0,0.066
"132",0,0,0,0.129,0,0,0.001,0,0,0,0,0,0,0,0.15,0,0,0.034,0.193,0.001,0,0,0,0,0,0,0,0,0,0,0,0,0,0.138,0,0,0.002,0.217,0,0,0,0.123,0,0,0.007,0,0.001,0,0
"133",0,0,0,0.159,0,0,0,0,0,0,0.165,0,0,0,0,0,0.009,0,0,0,0,0.113,0,0,0.009,0,0,0,0,0.035,0,0,0,0.008,0,0,0.001,0,0,0.004,0.178,0.277,0.026,0,0.001,0,0,0,0.013
"134",0.018,0.071,0,0.102,0.018,0.006,0.001,0,0,0,0.367,0,0,0,0.303,0.001,0.001,0,0.001,0,0,0.001,0.009,0,0,0,0,0,0.025,0.001,0.02,0.002,0,0,0,0,0,0,0,0.052,0,0.001,0,0,0.001,0,0,0,0
"135",0,0.003,0.042,0.087,0,0.012,0.001,0.014,0.1,0,0.271,0.001,0.003,0,0,0.001,0.001,0.045,0.006,0,0,0.002,0,0.005,0,0,0,0,0.002,0.021,0,0.004,0.018,0.004,0.013,0,0,0.009,0,0.002,0,0.334,0,0,0,0,0,0,0
"136",0,0.02,0,0.03,0,0,0,0,0,0.055,0.131,0,0,0.059,0,0,0,0.002,0,0.002,0.002,0.03,0,0.019,0.001,0.002,0,0,0,0,0.025,0,0.026,0,0.03,0.008,0,0,0,0,0.022,0.003,0.055,0,0,0.398,0.034,0,0.015
"137",0,0.007,0,0.064,0.002,0.016,0,0,0.001,0,0.319,0,0,0,0.005,0,0,0,0,0.015,0,0,0.299,0.015,0.004,0,0,0,0,0,0.003,0,0,0,0.016,0,0,0,0.068,0.073,0,0.022,0,0,0,0,0,0,0
"138",0,0.007,0.004,0.255,0,0,0,0,0,0,0,0,0,0,0,0,0,0,0,0.002,0,0.17,0,0,0,0,0.001,0,0,0,0,0.001,0,0,0,0,0,0.173,0.001,0,0.024,0.349,0,0,0.003,0,0.007,0,0
"139",0,0,0.001,0.128,0,0,0,0.001,0,0,0.301,0,0.17,0.001,0.001,0,0,0,0.013,0,0,0,0.132,0,0,0,0.132,0,0.012,0.001,0,0,0,0.003,0,0,0.001,0,0.03,0,0,0,0,0,0.001,0,0.002,0,0.067
"140",0.002,0.008,0.017,0.15,0,0,0,0.002,0.046,0,0.056,0.006,0,0.219,0.01,0,0,0,0.194,0,0.002,0,0,0.015,0,0,0.008,0,0,0,0,0.001,0.003,0.017,0,0,0,0,0,0,0,0.09,0.136,0,0,0,0,0,0
"141",0,0,0.023,0.115,0,0,0,0.069,0,0.014,0.398,0,0,0,0,0,0,0,0,0.001,0,0.001,0,0,0,0,0.001,0,0.003,0.146,0,0,0.069,0,0.004,0,0,0,0.034,0,0,0.074,0,0,0,0.025,0,0,0
"142",0.014,0,0.204,0.15,0,0,0,0.167,0.097,0.001,0.096,0.006,0,0,0,0,0,0.003,0.007,0,0,0.043,0,0,0,0,0.023,0.019,0,0.007,0,0,0.002,0,0,0,0.001,0,0.001,0,0.001,0.059,0,0,0,0,0.001,0.1,0
"143",0.071,0.012,0.003,0.31,0,0,0,0.004,0,0,0.141,0,0,0,0.004,0,0,0,0,0.099,0.019,0,0,0,0,0.003,0.005,0,0,0,0,0,0,0.002,0,0.003,0,0.149,0,0.086,0.003,0.043,0,0,0,0,0,0,0
"144",0,0,0.005,0.013,0.01,0.002,0,0.016,0.013,0.006,0.084,0.021,0,0.058,0,0,0,0,0.048,0,0,0,0,0.062,0.001,0.006,0,0,0,0,0,0.005,0.017,0.022,0.021,0,0,0.018,0,0,0.006,0.035,0.373,0.025,0.004,0,0.042,0,0.001
"145",0,0.008,0.005,0.209,0,0.002,0,0.025,0.042,0,0.139,0.054,0,0,0,0,0,0,0.022,0,0,0,0,0.014,0,0,0,0,0,0,0.004,0,0,0.007,0,0.007,0.008,0,0.009,0,0,0.436,0.002,0,0.002,0,0,0,0
"146",0,0,0.001,0.148,0,0.001,0,0.016,0.018,0,0.191,0,0.004,0,0.002,0,0,0.005,0,0.025,0,0.088,0,0.009,0,0.047,0,0,0,0,0,0.027,0,0,0,0,0,0,0,0,0,0.251,0.01,0.001,0,0.003,0.01,0.003,0.137
"147",0,0.021,0.011,0.118,0,0.001,0,0,0.099,0,0.27,0,0,0,0,0,0,0.018,0.002,0.017,0.001,0,0.001,0.001,0,0.005,0.001,0.01,0.003,0,0,0,0.001,0,0,0,0,0.092,0,0.001,0,0.194,0.035,0,0,0.001,0.063,0.001,0
"148",0.01,0,0.001,0.217,0,0,0.011,0.002,0,0.001,0.177,0,0.014,0,0,0,0,0,0,0,0,0.019,0.251,0.001,0.002,0,0.041,0,0,0.031,0,0.004,0,0,0,0.003,0,0.026,0.122,0,0.028,0,0.027,0,0.001,0,0,0,0.015
"149",0,0,0,0.203,0,0,0,0,0,0,0,0,0,0.001,0,0.003,0.006,0,0.001,0.531,0,0.04,0.007,0,0,0.001,0,0.076,0.001,0.001,0,0,0,0.003,0,0,0.004,0.054,0,0,0,0.015,0,0,0,0,0,0,0
"150",0.001,0.027,0,0,0.032,0,0.012,0,0,0.019,0.061,0,0,0.131,0,0,0,0,0.003,0,0,0,0,0,0.037,0,0.001,0.024,0.065,0,0.003,0,0.001,0,0.473,0.002,0,0,0,0,0,0,0.087,0.01,0,0,0,0,0.008
"151",0,0,0,0.043,0,0.001,0.033,0.001,0.001,0,0,0,0,0,0,0.001,0.098,0,0,0.569,0.003,0.068,0,0.001,0,0,0,0.087,0,0,0,0,0,0,0,0,0,0.054,0,0,0,0.001,0.001,0,0,0,0,0,0.002
"152",0,0,0,0.105,0,0,0,0,0,0,0.015,0,0.001,0,0,0,0.001,0,0.748,0,0,0.007,0,0,0,0,0,0,0.003,0,0,0,0,0,0,0,0,0.073,0,0,0,0.045,0,0,0,0,0,0,0
"153",0.002,0.038,0,0,0.008,0.019,0.019,0,0,0.001,0.419,0,0.006,0,0,0,0.011,0,0.034,0,0,0.002,0,0,0,0,0.002,0.196,0,0,0.001,0,0,0.029,0,0.032,0,0,0,0,0.023,0.027,0,0,0,0,0,0.004,0.001
"154",0,0.102,0,0.072,0,0,0.088,0,0,0,0.089,0,0,0,0,0.007,0,0.001,0,0,0,0.211,0.001,0.013,0,0,0,0,0.025,0.084,0.016,0,0,0,0,0.037,0,0.141,0.001,0,0.001,0.09,0.011,0,0,0,0.006,0,0
"155",0,0,0.003,0.017,0.135,0,0.007,0,0.025,0,0.089,0,0,0.219,0,0,0,0,0.002,0,0,0,0.175,0.029,0,0.005,0,0,0,0.035,0.002,0,0,0.022,0,0.021,0,0,0,0.012,0,0,0.084,0,0,0.001,0.03,0,0.005
"156",0.001,0,0,0.246,0,0,0.037,0,0,0,0,0,0,0,0,0,0.03,0,0.002,0.522,0,0.072,0,0,0,0,0,0,0.001,0,0,0,0.003,0,0,0,0.002,0.031,0.04,0,0,0,0,0,0,0,0,0,0.011
"157",0,0,0.025,0.198,0.001,0,0,0.04,0,0,0.239,0.006,0,0.001,0,0,0,0,0,0.026,0,0,0,0.001,0.007,0.002,0,0.001,0,0,0.02,0.001,0.057,0.001,0,0.001,0.004,0.079,0,0,0,0.191,0.049,0.043,0,0,0,0.007,0
"158",0,0.305,0,0,0,0,0.001,0.001,0,0,0.488,0,0,0,0,0,0.001,0,0,0.002,0,0.065,0.019,0,0,0,0,0.01,0,0.08,0,0,0,0,0.003,0,0,0,0.012,0,0,0.001,0,0.002,0,0,0,0,0
"159",0,0,0,0.156,0,0,0,0,0,0.002,0.044,0,0,0,0,0,0,0,0.001,0.645,0,0.062,0,0,0,0,0,0.005,0.002,0,0.004,0.005,0,0,0.001,0,0,0.062,0,0,0,0,0,0,0,0,0,0,0.01
"160",0.017,0,0,0,0.038,0,0.019,0.003,0,0,0.155,0,0.005,0.253,0,0,0,0,0,0.005,0,0.126,0,0.021,0.001,0.023,0,0,0,0.03,0,0.008,0,0,0,0.039,0,0,0,0,0,0,0.039,0.037,0,0.016,0,0,0.018
"161",0,0.185,0.192,0,0.001,0,0,0.005,0,0,0.119,0,0,0.276,0,0.001,0,0,0.025,0,0.008,0.025,0,0,0,0,0.001,0,0,0.036,0,0,0,0,0,0,0,0,0,0,0,0.059,0,0,0,0,0.026,0,0
"162",0.002,0.001,0.002,0.268,0,0,0.343,0,0.011,0,0.087,0,0.026,0.001,0,0,0,0,0.003,0.001,0,0,0.032,0,0,0.037,0,0,0,0,0,0,0,0.003,0,0,0,0,0,0,0.006,0.041,0,0.003,0,0,0,0.006,0.127
"163",0.005,0.025,0,0.259,0,0,0,0.001,0,0,0.258,0.004,0,0,0,0,0,0.003,0.189,0,0,0,0,0,0.001,0,0,0,0,0,0.002,0,0,0.033,0,0,0,0,0,0,0.002,0.119,0.051,0.002,0.021,0,0,0,0
"164",0,0,0.004,0.296,0,0,0.004,0.024,0.006,0,0.017,0.124,0,0.011,0.081,0,0.01,0,0.01,0,0,0.029,0,0,0,0,0.035,0,0,0.001,0,0.005,0,0,0,0,0,0.044,0,0.001,0,0.281,0,0,0,0.015,0,0,0
"165",0,0.002,0.006,0.307,0.006,0,0.001,0,0,0,0.003,0.009,0,0,0.014,0,0,0,0,0.02,0.002,0.142,0,0,0,0.021,0.024,0,0,0,0.001,0.004,0,0,0,0,0.005,0.055,0.056,0,0.074,0.231,0,0.01,0,0,0,0,0
"166",0,0,0.106,0.005,0,0,0,0.013,0,0.02,0.12,0.025,0,0.212,0,0,0,0,0,0,0.005,0.075,0.002,0.029,0,0,0,0,0,0.013,0,0.001,0,0,0,0.011,0,0,0,0,0,0.051,0.205,0,0.054,0,0.048,0,0
"167",0.001,0,0.016,0,0,0,0.011,0,0.17,0,0.165,0,0,0,0,0,0,0.002,0,0,0.002,0.326,0,0.063,0,0,0,0,0.004,0.001,0,0.001,0,0,0.001,0.002,0,0,0,0,0,0.169,0,0.018,0,0.002,0.042,0.001,0
"168",0,0.011,0,0.21,0,0.023,0.039,0.06,0,0,0.103,0,0.036,0,0.001,0.019,0.001,0.031,0,0.108,0,0,0,0,0,0,0.075,0.005,0,0.039,0.033,0,0.001,0,0,0,0.021,0.171,0,0.001,0,0.009,0,0,0,0,0,0.004,0
"169",0,0.137,0,0,0,0,0.002,0,0,0,0.074,0,0,0,0,0.003,0,0,0,0.017,0,0.117,0.01,0,0.004,0,0.001,0.397,0.056,0,0,0.001,0,0.001,0.007,0,0.003,0.049,0.038,0,0,0.081,0,0,0,0,0,0,0
"170",0,0.171,0,0.059,0,0,0,0.041,0,0,0.236,0,0,0,0,0,0,0,0.001,0.058,0,0.037,0.017,0,0,0,0.015,0.041,0.001,0,0,0.008,0,0,0,0,0.001,0,0.001,0,0,0.258,0,0,0,0.027,0,0.028,0
"171",0.001,0.001,0.042,0.202,0,0,0.005,0,0,0,0.001,0,0,0,0,0,0,0.002,0.029,0.333,0,0.108,0,0,0,0.018,0.001,0,0,0,0,0,0.007,0.001,0.001,0,0,0.175,0.024,0,0,0.048,0,0,0,0,0,0,0.001
"172",0.029,0.042,0,0,0,0,0,0,0,0,0,0,0,0,0,0.001,0.045,0,0,0.65,0,0.108,0,0,0,0,0,0.092,0,0,0,0.002,0,0,0,0,0,0,0,0,0,0,0,0,0,0,0,0,0
"173",0,0,0,0.09,0.119,0,0,0,0,0.019,0.066,0.004,0,0.122,0.001,0.009,0,0,0.001,0,0,0.018,0,0.005,0,0,0,0,0,0.008,0,0,0.001,0,0.157,0.001,0,0.002,0.001,0,0.001,0,0.056,0,0.111,0,0,0,0.155
"174",0.001,0,0,0.22,0,0,0.011,0,0.051,0,0.199,0.001,0,0,0,0,0,0.001,0.017,0.001,0.005,0.073,0.003,0,0,0,0.016,0.015,0,0,0,0.001,0,0,0,0,0,0,0.065,0.052,0.002,0.242,0,0.001,0.002,0,0,0,0.021
"175",0,0.002,0,0.361,0,0,0.134,0,0,0,0.085,0,0.002,0,0,0,0,0.016,0,0.015,0,0.001,0.183,0,0,0.004,0.003,0,0,0.001,0.01,0.005,0,0,0.001,0,0,0.012,0.067,0.071,0.025,0,0,0,0,0,0,0,0
"176",0,0,0.001,0.194,0,0,0.013,0,0,0,0.014,0.011,0,0.007,0.011,0,0,0.003,0,0.019,0,0,0,0.001,0.005,0.005,0,0,0.001,0,0.022,0,0.005,0,0,0,0,0.163,0.026,0.001,0.029,0.064,0.044,0,0,0,0,0.001,0.357
"177",0.015,0.035,0.002,0.084,0,0,0.011,0.032,0.041,0,0.096,0.008,0,0,0,0,0.014,0.052,0.008,0.005,0,0.049,0,0,0,0.001,0,0,0.015,0.003,0,0,0,0,0,0,0,0.041,0.008,0,0.005,0.385,0.019,0,0,0.009,0.025,0,0
"178",0,0.049,0,0.067,0,0,0,0.031,0.035,0,0.198,0,0,0,0.002,0,0,0,0,0.018,0,0.056,0,0,0,0.001,0,0,0.001,0.264,0,0.002,0,0,0.04,0.001,0,0,0,0,0.02,0.166,0,0,0,0.002,0.028,0,0
"179",0.006,0,0.006,0.178,0,0,0,0.001,0.015,0,0,0.024,0,0.004,0,0,0,0.001,0.005,0.018,0,0.01,0,0,0,0,0.001,0,0.004,0,0,0,0,0.023,0,0,0.002,0.232,0.002,0,0,0.385,0,0,0,0,0,0,0
"180",0,0,0.026,0.254,0.001,0,0,0,0.047,0,0.001,0,0,0,0,0,0.034,0,0.006,0.015,0,0,0.036,0,0.003,0,0,0,0,0,0,0.004,0.044,0,0.002,0.01,0,0.084,0.003,0,0,0.376,0.029,0,0.004,0,0,0,0.02
"181",0,0.138,0,0,0,0.006,0,0,0.005,0,0.343,0,0,0.003,0,0.001,0.002,0,0,0,0,0,0.013,0,0.025,0,0,0,0,0.411,0.006,0,0,0,0,0,0.001,0,0,0,0.009,0,0.001,0.03,0,0,0,0,0
"182",0,0.006,0.02,0.064,0.003,0,0,0,0.001,0,0.031,0,0,0.145,0,0,0.003,0.001,0,0,0,0,0.031,0.036,0,0,0,0,0,0,0,0.002,0,0,0.001,0,0,0,0,0,0,0.01,0.128,0.01,0,0,0.029,0,0.414
"183",0.003,0,0,0.165,0,0,0.031,0,0,0,0,0.003,0,0.015,0,0,0.022,0,0,0.632,0,0.099,0,0,0.009,0,0,0,0.013,0,0,0,0,0,0,0.001,0,0,0,0,0,0,0.001,0.003,0,0.001,0,0,0.001
"184",0.001,0.001,0.022,0.09,0.001,0,0.05,0,0.074,0,0.203,0.015,0,0,0.007,0,0.001,0.023,0.035,0,0,0.053,0.011,0,0,0,0,0.01,0.003,0.013,0.037,0,0,0,0,0,0.003,0.043,0.022,0,0.001,0.271,0,0.001,0,0.004,0,0,0.004
"185",0,0,0.013,0.045,0,0,0.026,0.001,0.007,0,0.097,0.002,0,0,0,0,0.009,0,0.001,0.001,0,0.331,0,0,0,0,0,0.058,0,0,0,0.002,0,0.001,0,0.005,0,0,0.16,0,0.007,0.223,0.009,0,0,0,0,0,0
"186",0,0,0,0.29,0.001,0,0,0,0,0,0,0,0,0.01,0,0,0,0,0,0.06,0.001,0.374,0.001,0,0.008,0.005,0,0.011,0,0,0,0,0,0.001,0,0,0,0.013,0.032,0,0.185,0,0.001,0,0,0,0.002,0,0
"187",0,0,0,0.047,0,0,0,0.018,0,0.05,0.176,0,0,0,0,0,0,0.029,0,0.242,0,0.06,0,0,0,0,0,0.027,0,0.141,0.014,0,0.017,0.025,0,0.005,0,0.004,0.002,0.004,0.005,0.098,0.014,0,0,0.017,0,0.002,0
"188",0,0.115,0,0.169,0.002,0,0,0.006,0,0.011,0.152,0,0.023,0,0,0,0.008,0,0,0.095,0.005,0,0.163,0,0,0,0.001,0,0.024,0.052,0.023,0,0,0,0,0,0,0.034,0.041,0.004,0,0.065,0.004,0,0,0.001,0,0,0
"189",0,0,0.03,0.005,0.003,0.003,0,0.012,0.04,0.001,0.085,0,0.006,0.081,0,0,0,0,0,0,0,0,0,0.004,0,0.006,0,0,0,0,0,0,0.001,0.005,0.001,0,0,0,0,0,0.027,0.039,0.481,0,0.128,0,0,0,0
"190",0.016,0.075,0,0.081,0,0.007,0.079,0.003,0,0,0.43,0,0,0,0.002,0,0,0,0.001,0,0,0.015,0,0.007,0,0,0,0,0.098,0,0,0,0.002,0.001,0,0.014,0,0.033,0,0,0,0.047,0,0.001,0.001,0.001,0.007,0.079,0
"191",0.004,0.001,0.005,0.083,0,0,0.057,0.012,0,0,0.037,0.003,0,0,0,0,0,0,0,0.035,0,0.282,0,0,0.001,0.063,0,0,0,0,0,0,0,0,0,0.043,0.002,0.115,0,0.001,0,0.221,0.027,0,0,0,0,0.001,0.006
"192",0,0,0.001,0.257,0,0,0,0.001,0,0,0,0.016,0,0,0,0,0,0,0,0.044,0,0.022,0,0,0,0,0.01,0,0,0,0.002,0.001,0.022,0.008,0,0,0,0.026,0.212,0,0.004,0,0,0,0,0.007,0,0,0.366
"193",0,0,0,0.102,0,0,0,0,0,0,0.061,0.112,0,0,0,0,0,0,0.102,0.186,0.01,0.005,0.13,0,0.019,0.042,0,0,0,0,0,0.014,0,0,0.038,0,0,0,0.135,0,0.028,0,0,0,0,0,0,0,0
"194",0,0,0,0,0.001,0,0.001,0.015,0,0,0.123,0,0,0.12,0,0,0,0.002,0.001,0,0,0,0.001,0.028,0,0.003,0,0,0,0.038,0.001,0,0,0.008,0.079,0,0,0,0,0,0.002,0,0.525,0,0,0.001,0,0,0
"195",0,0.002,0,0.006,0,0,0,0.013,0.001,0.029,0.377,0,0.006,0,0,0,0,0,0.001,0,0,0.09,0,0,0,0.022,0.001,0.012,0,0.076,0,0.076,0,0,0,0.016,0,0,0.038,0.005,0,0.109,0,0.083,0,0,0,0,0
"196",0.01,0,0,0.069,0.328,0,0.006,0,0,0,0,0,0,0.271,0,0,0.039,0.002,0,0.019,0,0,0.053,0,0,0.002,0.013,0.004,0,0,0.011,0,0,0,0,0,0,0.021,0,0,0.006,0,0.009,0,0,0.001,0,0,0
"197",0.002,0,0,0.275,0,0,0.685,0,0,0,0,0,0,0,0,0,0,0,0,0.033,0,0,0,0,0,0,0,0,0,0,0,0,0,0.001,0,0,0,0.002,0,0,0,0,0,0,0,0,0,0,0
"198",0,0.04,0.003,0.094,0,0,0,0,0,0.086,0.191,0.001,0,0,0.083,0,0,0.09,0.001,0,0,0.018,0.002,0,0,0,0,0.006,0,0.07,0,0.001,0,0.146,0,0,0,0.06,0,0,0.002,0.05,0.024,0,0,0.004,0.027,0,0
"199",0,0.062,0,0.005,0.023,0,0,0,0,0,0.063,0,0,0.15,0,0,0,0.001,0.016,0,0,0.034,0,0.002,0,0,0,0,0,0,0,0.002,0,0,0.04,0,0,0.001,0.001,0,0,0,0,0,0,0.025,0.376,0,0.092
"200",0,0.019,0.04,0.099,0,0.002,0.013,0.066,0,0,0.031,0,0,0,0,0.003,0,0,0,0.101,0,0.45,0,0,0,0,0.001,0.006,0,0.001,0,0,0,0.001,0,0,0,0.032,0,0,0.008,0.115,0,0,0,0,0.007,0,0.004
"201",0,0,0.001,0.263,0,0,0.044,0.009,0,0,0,0,0,0.03,0,0,0.038,0.001,0,0.544,0,0,0,0,0,0,0,0.009,0,0,0,0.002,0,0,0,0,0,0,0.019,0,0.002,0,0,0,0,0,0.001,0,0
"202",0.005,0.281,0,0.079,0,0,0.02,0.01,0.001,0,0.313,0,0,0,0,0,0.001,0,0.001,0.065,0,0.017,0.041,0.001,0,0,0.007,0.013,0.044,0.002,0.023,0,0,0,0.001,0,0,0.017,0.022,0.001,0,0.032,0.001,0,0,0,0,0.001,0
"203",0,0.151,0,0,0,0,0,0.071,0.001,0,0.17,0,0,0,0.001,0,0,0,0,0.046,0,0.293,0,0.014,0.001,0,0,0.008,0,0.006,0.052,0,0,0.005,0,0,0,0,0.045,0,0,0,0.002,0,0,0,0.124,0,0
"204",0,0.008,0.001,0.113,0,0,0.021,0,0,0,0.001,0,0,0,0,0,0,0,0.001,0.128,0.001,0.08,0.003,0,0,0,0,0.057,0,0.022,0,0.003,0.001,0,0,0,0.001,0.481,0,0,0,0.079,0,0,0,0,0,0,0
"205",0,0,0,0.231,0,0,0,0,0,0.008,0.017,0,0,0.007,0.045,0,0.002,0,0,0.472,0,0.071,0.004,0,0,0,0,0.023,0,0,0,0,0,0,0,0,0,0.114,0,0,0,0,0,0.005,0,0,0,0,0
"206",0,0,0,0.259,0,0,0,0.001,0,0,0.043,0,0.315,0,0,0,0,0,0.002,0.02,0,0,0,0,0.001,0,0.125,0,0.006,0.001,0,0,0.092,0,0,0,0,0,0.121,0.011,0,0.001,0,0,0,0,0,0,0
"207",0,0.001,0,0.094,0,0.002,0.066,0.352,0.003,0,0.002,0,0,0.026,0,0,0,0,0,0,0.015,0.075,0,0,0,0.001,0,0,0.013,0.027,0,0.002,0,0.013,0,0,0.02,0.108,0,0,0,0.134,0,0,0,0,0,0,0
"208",0,0,0.017,0.1,0,0,0.007,0,0.001,0,0.041,0,0,0,0,0,0,0.017,0.001,0.027,0,0.106,0.001,0.001,0,0,0,0,0.006,0.07,0,0,0,0,0,0,0,0.435,0,0,0.004,0.129,0,0,0,0,0.002,0.004,0
"209",0,0,0.003,0,0.006,0.002,0.017,0,0.059,0,0.087,0.006,0,0,0,0,0.029,0.004,0,0.054,0,0.176,0,0,0,0.044,0,0.002,0,0.135,0,0,0,0,0,0.003,0,0.136,0.022,0,0,0.214,0,0,0,0,0,0,0
"210",0,0,0.044,0.187,0,0,0,0.009,0.067,0,0.013,0.054,0,0,0,0,0.001,0,0.048,0.042,0,0,0.001,0.002,0,0,0.013,0,0,0,0.001,0.001,0.032,0,0.018,0.007,0,0.076,0.024,0,0,0.358,0,0,0,0,0,0,0.001
"211",0,0,0,0.146,0.003,0,0,0,0,0.03,0.005,0,0.01,0,0,0,0.008,0,0.001,0.069,0,0.119,0,0,0.004,0,0,0,0,0.004,0,0.003,0,0.001,0,0,0,0.129,0.253,0,0.04,0.172,0,0,0,0,0.001,0,0
"212",0.012,0.017,0,0.166,0,0.018,0,0,0,0,0,0.001,0,0.02,0.004,0,0.002,0,0,0.005,0,0.325,0,0,0,0.001,0.001,0.032,0,0,0.003,0.015,0,0.093,0,0.001,0.001,0.005,0.021,0,0,0.254,0.003,0,0,0,0.001,0,0.001
"213",0,0,0.062,0.045,0,0,0.023,0,0.11,0.001,0.263,0.005,0,0.001,0,0,0.004,0,0.002,0,0,0.079,0,0,0,0,0.018,0.008,0.001,0,0,0.006,0,0.004,0,0.001,0.032,0.015,0,0,0.026,0.188,0,0.001,0,0,0,0.024,0.001
"214",0,0,0.035,0.074,0.024,0,0,0,0,0,0,0,0.003,0.345,0,0,0.004,0.018,0,0.273,0,0,0,0,0.003,0.023,0,0.008,0,0,0,0,0.001,0,0,0,0,0.064,0,0,0,0,0,0,0,0.008,0,0,0.014
"215",0,0,0,0.079,0,0,0.4,0,0,0.016,0.226,0,0.017,0.001,0.001,0,0,0.018,0,0.013,0.001,0,0.034,0.001,0,0.002,0.012,0,0,0.038,0.003,0,0,0,0,0,0.001,0,0.107,0.015,0,0,0,0.002,0,0,0,0.002,0.007
"216",0.001,0.062,0,0.016,0.038,0,0,0.028,0.05,0.021,0.045,0.002,0,0.246,0,0,0.001,0,0.003,0,0,0,0,0.156,0.008,0,0,0,0,0.057,0,0,0,0,0,0.011,0.001,0,0,0.003,0,0,0,0.047,0.003,0.009,0.029,0,0.002
"217",0.009,0,0.003,0.078,0.004,0.019,0.002,0,0.173,0,0.182,0,0.032,0,0,0,0,0,0,0,0,0.028,0.001,0,0.001,0,0,0,0.01,0.31,0,0,0.003,0,0.023,0,0,0.01,0,0,0.076,0.009,0,0,0,0,0.001,0.023,0.001
"218",0,0.001,0,0.358,0.003,0,0,0,0.015,0.021,0.067,0,0,0,0,0,0,0,0,0,0,0.079,0.001,0.001,0,0,0.018,0,0,0.067,0,0.001,0.014,0.001,0,0,0,0,0,0.001,0.027,0.239,0,0,0,0,0,0.085,0
"219",0.008,0.108,0,0.018,0,0,0,0,0,0.023,0.253,0,0,0,0.024,0,0,0.001,0,0,0,0.008,0,0.004,0,0,0,0,0,0.226,0.024,0,0,0,0,0,0,0,0,0,0,0,0,0.224,0,0,0,0,0.071
"220",0,0,0.049,0.026,0,0,0,0,0.009,0.008,0.002,0.001,0,0.106,0,0.014,0,0.032,0,0,0,0.019,0,0.113,0,0.012,0.016,0,0,0,0,0,0,0,0.015,0,0,0,0,0.001,0.001,0.03,0.293,0,0.101,0,0.096,0.012,0
"221",0,0.071,0.039,0.066,0.002,0,0,0.03,0,0,0.227,0,0,0.006,0,0,0,0,0.006,0,0,0.087,0,0,0.005,0,0,0.036,0,0.001,0,0,0,0,0,0,0,0.372,0,0,0.002,0,0.039,0.007,0,0,0,0,0.001
"222",0,0.002,0.008,0.008,0,0,0.001,0,0,0,0.007,0,0,0,0,0.001,0,0,0,0.049,0,0.038,0,0,0,0.001,0,0.819,0.001,0,0,0,0,0,0.001,0,0,0.034,0,0,0,0.002,0,0,0,0,0.001,0,0
"223",0,0.002,0,0.118,0,0,0.007,0,0,0.001,0.03,0,0,0.019,0,0.001,0,0,0.008,0.302,0,0.155,0,0,0,0,0,0.01,0,0.035,0.009,0.001,0,0,0.007,0,0,0.084,0.037,0.009,0,0.14,0,0,0,0,0,0,0
"224",0,0,0,0.09,0,0,0,0,0.012,0,0,0,0,0,0.032,0,0,0,0,0.532,0,0.096,0,0,0,0,0,0.063,0,0,0,0,0.002,0,0,0,0,0.089,0,0.001,0,0.003,0,0,0,0,0,0,0.077
"225",0,0,0,0,0.194,0,0.002,0.077,0,0,0.111,0.003,0,0.2,0.013,0.009,0,0,0.002,0,0,0,0,0,0,0,0,0,0.038,0.007,0.022,0,0.014,0,0.015,0,0,0.001,0,0.055,0,0,0,0,0.002,0,0.006,0,0
"226",0,0.016,0.017,0.003,0,0,0,0.016,0.116,0,0.057,0.088,0,0.151,0,0,0.002,0,0,0.008,0,0,0,0.19,0,0,0,0,0,0,0.005,0,0.004,0.012,0.003,0.001,0.001,0,0,0,0.008,0,0.163,0.014,0,0,0.002,0,0
"227",0,0,0,0.201,0.001,0,0.018,0,0.001,0,0.157,0,0.054,0,0,0,0,0,0,0,0,0,0.002,0.019,0,0,0.359,0,0,0,0,0,0,0,0,0,0,0,0,0,0.03,0.107,0,0.012,0.03,0,0,0,0.006
"228",0.001,0,0,0.085,0,0.002,0.001,0,0.118,0,0,0,0,0.208,0,0,0,0,0,0,0,0.009,0.001,0.23,0,0.015,0,0,0,0.046,0.004,0,0.01,0.064,0.053,0,0,0,0,0,0,0.001,0.038,0,0.081,0,0,0,0
"229",0,0,0,0.121,0,0.02,0.001,0.001,0.076,0.028,0.124,0.001,0.001,0.001,0,0,0,0,0,0.011,0.001,0.001,0.11,0,0.011,0,0.003,0.041,0,0.192,0,0,0,0,0.051,0,0,0,0.036,0.018,0.079,0.019,0,0.046,0,0,0,0.001,0.006
"230",0,0,0,0.159,0,0,0,0,0,0,0.092,0,0.01,0,0,0,0,0,0.002,0.09,0,0,0.244,0,0.002,0,0.008,0.021,0.001,0.062,0.001,0,0.032,0.002,0,0,0,0.001,0.258,0.006,0.006,0,0,0.001,0,0,0,0,0
"231",0,0,0.042,0.063,0,0,0.014,0,0.017,0.02,0.045,0.003,0,0.012,0.021,0,0,0.001,0,0.025,0,0.055,0.003,0,0.278,0,0,0.018,0,0,0.023,0,0,0.026,0,0,0,0.069,0,0,0.09,0,0.017,0.04,0.004,0.026,0,0.004,0.001
"232",0,0,0.034,0.082,0,0,0,0,0,0,0.021,0,0,0,0,0,0,0,0,0.154,0.003,0.352,0,0.058,0,0,0,0.023,0.016,0,0.017,0.007,0,0,0,0,0.003,0,0.01,0,0,0.217,0,0,0,0,0,0,0
"233",0,0,0,0,0.082,0.001,0.004,0.012,0,0,0.041,0.033,0,0.06,0,0,0,0,0,0,0,0,0,0.19,0,0.021,0.009,0,0,0.028,0.043,0,0.001,0,0,0,0.001,0.001,0,0,0.002,0.001,0.149,0.122,0.067,0.038,0.001,0,0
"234",0,0.005,0,0,0,0,0,0,0.149,0,0.102,0,0,0.191,0,0.009,0,0,0.006,0,0.005,0.001,0,0.219,0,0.002,0,0,0,0.092,0,0.008,0,0,0.07,0,0,0.003,0,0,0.002,0,0,0,0,0,0.077,0,0
"235",0.002,0.002,0.001,0.109,0,0,0,0.092,0.14,0,0.04,0.033,0,0,0.016,0,0,0.022,0,0.009,0,0.01,0,0,0.01,0,0.001,0.002,0,0,0,0.001,0,0.017,0,0,0.003,0.138,0.115,0.002,0,0.232,0,0,0,0,0,0,0
"236",0,0.095,0.003,0.103,0.003,0,0,0,0,0,0.157,0,0,0,0,0,0.007,0,0,0.015,0,0,0,0.037,0,0.018,0,0.002,0.003,0.456,0,0,0,0,0,0,0,0,0,0,0.002,0,0,0,0,0,0,0,0.053
"237",0.025,0.141,0,0,0.003,0,0,0,0,0,0,0,0,0.111,0,0,0,0,0,0,0,0.07,0,0,0.062,0,0,0,0,0.12,0,0,0,0,0.073,0,0,0,0.001,0.002,0,0.001,0,0.001,0.06,0,0.211,0,0.008
"238",0,0,0.142,0.03,0,0,0,0.022,0,0,0.065,0.115,0,0,0.02,0,0,0,0,0,0.001,0.134,0,0.008,0,0,0.002,0,0.002,0.044,0,0,0,0.015,0.004,0,0,0,0.019,0,0.021,0.002,0.065,0.111,0.103,0.062,0,0.003,0.006
"239",0,0,0,0,0,0,0,0,0.109,0.009,0.116,0,0.02,0.082,0.007,0.001,0,0.007,0.002,0,0,0.002,0,0.323,0,0.002,0.03,0,0,0.026,0,0.011,0.001,0.009,0,0.03,0,0,0,0.01,0,0,0,0.003,0.034,0,0,0.002,0
"240",0,0,0,0.089,0,0,0.013,0.019,0.204,0.001,0.181,0.046,0,0,0,0,0,0,0.011,0,0,0.046,0,0,0,0.001,0.058,0,0,0.016,0,0,0,0,0.023,0,0.009,0,0.001,0.003,0,0.228,0,0,0,0.001,0.048,0,0
"241",0,0,0.002,0.275,0,0,0,0,0,0,0,0,0,0.147,0,0,0,0.002,0.012,0,0,0.14,0,0,0,0,0,0.135,0,0,0,0.007,0,0,0,0,0,0.014,0,0,0.007,0.212,0,0,0.005,0,0.009,0.004,0.014
"242",0,0,0,0.002,0,0.009,0,0.001,0.055,0,0.003,0,0,0.035,0,0,0,0.018,0.003,0.025,0.008,0.116,0.004,0,0.005,0,0,0.022,0,0,0,0,0,0,0,0,0,0,0.004,0,0.256,0,0.019,0,0.101,0.06,0.083,0.008,0
"243",0,0.002,0,0,0.017,0,0.007,0.027,0,0.025,0.154,0,0.001,0.104,0,0,0,0,0.001,0,0,0,0,0.092,0,0,0,0,0,0.081,0,0.007,0.001,0,0,0,0.002,0,0,0,0,0,0.189,0.036,0.167,0.001,0,0,0
"244",0,0.037,0,0.031,0.058,0,0,0.011,0.027,0,0.078,0,0.001,0.151,0,0,0,0,0.001,0.002,0,0.013,0.002,0.069,0,0.059,0.009,0.001,0,0.004,0.006,0,0,0,0.002,0,0,0,0,0,0,0,0.121,0.041,0.111,0.035,0,0,0.02
"245",0,0.004,0,0.024,0,0.011,0,0,0.206,0.021,0.064,0,0,0.056,0.006,0,0,0,0.014,0,0.001,0.02,0,0.029,0,0,0,0.003,0,0.037,0,0,0.044,0.049,0.03,0.001,0.003,0,0.001,0,0.02,0,0.057,0.091,0.062,0.008,0,0,0.136
"246",0,0,0,0.114,0,0,0,0,0.117,0,0.172,0,0,0,0,0,0.001,0,0,0,0,0.074,0,0,0,0.005,0,0,0,0.048,0,0,0.159,0.015,0.006,0,0,0,0.003,0,0.005,0.122,0.036,0.035,0.074,0,0,0,0.012
"247",0,0,0.098,0.105,0,0,0,0.065,0,0,0.01,0.005,0,0.124,0,0,0,0,0.013,0.022,0,0.076,0.008,0,0,0.013,0.031,0.001,0,0,0.004,0,0.012,0.003,0,0,0,0,0.02,0.002,0.004,0,0.031,0.085,0.043,0.153,0.034,0.006,0.005
"248",0,0.003,0,0.132,0,0.001,0.002,0.026,0.001,0.006,0.108,0,0.128,0,0,0,0,0,0,0.001,0,0.002,0,0,0,0.016,0.122,0,0,0.163,0.003,0,0.001,0,0,0,0,0,0,0.067,0.001,0.03,0.112,0.021,0,0.023,0,0.012,0
"249",0,0.029,0.063,0.118,0,0,0.003,0.028,0,0,0,0,0,0.07,0,0,0.041,0,0,0.07,0,0.046,0.06,0,0,0,0,0.012,0.011,0,0.001,0,0,0,0.005,0.008,0,0.397,0.006,0,0.003,0,0.016,0.001,0,0,0,0,0.011
"250",0.001,0,0,0,0,0,0,0.089,0.037,0,0.022,0,0,0.19,0.003,0.005,0,0,0,0,0,0.015,0.001,0,0,0,0.044,0,0,0.079,0,0,0.016,0,0,0.006,0,0,0.002,0,0,0.008,0.049,0.305,0.052,0,0,0,0
"251",0,0,0,0.012,0.002,0,0.004,0,0.022,0.013,0.047,0,0.024,0.104,0,0.001,0.006,0.001,0,0,0,0.002,0,0.046,0.021,0.367,0.01,0,0,0.017,0,0,0.022,0.004,0.015,0,0,0,0,0.008,0.005,0,0.001,0.016,0,0,0,0,0.001
"252",0,0,0.014,0,0,0,0,0.002,0.052,0,0.061,0,0,0.033,0.002,0,0.011,0.001,0,0,0.051,0.029,0,0.136,0,0,0.034,0,0,0.003,0,0,0.045,0.18,0.053,0.006,0,0.004,0,0,0.133,0.025,0,0,0.118,0,0.005,0,0
"253",0,0,0,0.012,0.006,0.424,0,0,0,0,0.059,0,0,0.081,0,0,0,0.001,0,0,0,0,0,0.003,0,0.024,0,0,0,0.073,0,0,0,0,0.037,0,0,0,0,0,0.12,0,0.054,0,0.013,0,0,0,0
"254",0,0,0,0.059,0,0,0,0.008,0.015,0,0.08,0,0,0.079,0,0,0,0,0,0,0,0,0,0.002,0,0,0.007,0,0,0,0,0,0.429,0,0,0,0,0.001,0,0,0,0,0.052,0,0.176,0.01,0,0,0.036
"255",0,0.003,0.003,0.027,0,0,0,0.041,0.027,0.016,0.02,0.001,0.013,0.078,0.001,0,0.001,0,0.019,0.015,0.002,0,0.001,0,0.017,0,0.015,0.006,0,0.001,0,0,0.36,0.011,0.118,0,0,0.002,0,0.004,0.002,0.001,0.079,0,0.069,0,0,0,0
"256",0,0,0.01,0,0,0,0,0.02,0.023,0.03,0.049,0,0,0.105,0,0,0.01,0,0,0.001,0,0,0,0,0.003,0,0,0,0,0.085,0,0,0.004,0,0.034,0.32,0.018,0,0,0,0,0,0.082,0,0.07,0,0,0,0.001
"257",0,0,0,0.05,0.004,0,0,0,0.084,0.021,0,0.005,0,0.058,0.001,0,0,0,0.02,0.001,0.186,0,0.01,0.115,0,0,0.001,0,0,0.005,0.006,0,0.046,0.001,0,0,0.002,0,0,0,0,0,0.083,0.071,0.13,0,0.001,0,0
"258",0,0,0,0.011,0.008,0.001,0,0,0.214,0.004,0.014,0.005,0,0.029,0.211,0,0,0.018,0.054,0,0,0.036,0,0.054,0,0.003,0.008,0,0,0.04,0.003,0,0.031,0,0,0,0,0,0.006,0,0.009,0.007,0.097,0,0.125,0,0,0.011,0
"259",0,0,0,0.015,0,0,0.029,0,0.022,0,0,0.025,0,0.188,0,0.001,0.006,0,0.016,0.003,0,0.012,0,0,0,0.025,0.005,0.006,0.001,0.008,0.072,0,0.001,0.005,0.144,0,0,0.002,0.053,0,0.019,0.04,0.197,0.005,0.038,0,0.008,0,0
"260",0,0,0,0.044,0.001,0,0,0.007,0,0.002,0.005,0,0.638,0.067,0,0,0.034,0,0,0.015,0.001,0,0.002,0,0.011,0,0,0,0,0,0,0,0,0,0,0.004,0,0,0,0.001,0,0,0,0.001,0.004,0,0,0,0
"261",0,0,0.018,0.019,0,0,0.005,0.02,0.262,0,0.096,0,0,0.063,0,0,0,0,0.098,0,0.001,0,0,0.013,0,0.003,0,0.009,0.003,0.009,0,0.004,0,0.001,0.036,0,0,0.001,0.006,0,0,0.035,0.08,0,0.123,0,0.04,0,0
"262",0,0,0,0.146,0,0.001,0,0,0.15,0,0.08,0,0,0.011,0,0.003,0.006,0,0.259,0,0,0.017,0,0,0,0,0.001,0,0.001,0.15,0,0,0,0.008,0.01,0,0,0.002,0.011,0,0,0.112,0.001,0,0,0,0,0.026,0.002
"263",0.002,0,0,0.032,0.001,0.003,0,0.001,0.571,0.006,0.048,0,0,0.004,0,0,0,0,0.025,0.012,0.003,0.024,0,0,0,0.001,0,0,0.001,0,0,0,0,0,0.001,0,0.009,0,0,0,0,0.053,0.092,0,0.093,0.019,0,0,0
"264",0.007,0,0,0.027,0,0.002,0.007,0,0.116,0.022,0,0,0,0.07,0,0,0,0,0,0,0,0.001,0.052,0.114,0.013,0,0.023,0,0,0.023,0,0,0,0,0.055,0.016,0,0,0.001,0.038,0.056,0.018,0.054,0.017,0.144,0,0.034,0,0
"265",0.004,0,0.014,0.08,0,0,0,0,0.066,0,0.04,0.02,0,0.088,0,0.007,0,0,0,0.017,0,0,0,0,0.008,0,0.036,0,0,0,0,0,0.019,0,0.326,0,0.001,0,0,0,0.013,0.023,0.073,0.017,0.088,0.002,0,0,0
"266",0,0.001,0,0,0,0,0,0.004,0.056,0,0.015,0.011,0,0.217,0,0,0,0,0,0,0,0.033,0.026,0.029,0.197,0,0.034,0,0,0,0.013,0,0.005,0,0.014,0.003,0,0,0.008,0.005,0,0,0.018,0.015,0,0,0,0.003,0.025
"267",0,0,0.047,0,0,0,0,0,0,0,0,0,0,0.122,0.003,0,0,0,0.005,0,0,0.021,0.043,0.121,0.023,0,0.016,0,0,0.025,0.015,0.003,0,0.001,0,0,0,0,0,0.12,0.016,0,0.076,0.002,0,0,0,0.002,0
"268",0,0,0,0.091,0,0,0,0.016,0.168,0,0.168,0.001,0,0,0.002,0,0,0,0.231,0,0.005,0.009,0,0,0.005,0,0.002,0,0,0.181,0,0.001,0,0,0.003,0,0,0,0,0.002,0.019,0.09,0,0,0,0,0,0.002,0
"269",0,0,0.001,0.045,0,0,0,0.011,0.018,0.004,0,0,0.012,0.055,0,0,0.014,0,0.001,0,0,0,0.103,0,0,0.084,0.007,0,0,0.003,0,0.001,0,0.003,0,0,0.001,0,0.002,0.386,0,0.003,0.034,0,0,0.012,0,0,0
"270",0,0,0.012,0,0.041,0,0.001,0,0.077,0,0.085,0.223,0.001,0.054,0.006,0,0.001,0.032,0,0.001,0,0.028,0,0.133,0,0,0.004,0,0.001,0,0,0,0,0,0.108,0,0,0,0,0,0,0,0,0,0,0,0,0.039,0
"271",0,0.001,0,0.044,0.013,0,0.001,0,0.109,0,0.003,0,0,0.166,0,0,0,0,0,0,0,0.059,0,0,0,0,0,0,0.001,0.026,0,0,0.024,0,0.014,0,0,0,0,0,0.007,0.027,0.082,0,0.33,0,0.015,0.014,0.05
"272",0,0.033,0.012,0,0,0,0.016,0,0.03,0.046,0.09,0.003,0,0.169,0,0,0,0,0,0,0,0.025,0,0.069,0.005,0,0.002,0,0,0.025,0.019,0,0.021,0,0.037,0,0.002,0,0,0,0,0,0.05,0,0.074,0,0.12,0,0
"273",0.002,0.056,0.019,0,0,0,0,0,0.011,0,0.194,0,0,0,0.21,0,0,0,0,0,0,0,0,0.04,0,0.002,0,0.02,0,0.301,0,0,0.002,0.037,0,0,0,0,0.004,0.002,0,0.076,0,0,0,0,0.022,0.001,0
"274",0,0,0.031,0.043,0,0,0.002,0.001,0.293,0,0.053,0,0,0,0.039,0,0.001,0.018,0.017,0,0,0.082,0,0.002,0,0.036,0.002,0,0.002,0.035,0,0,0,0,0.018,0,0,0,0,0,0.039,0.051,0.04,0,0.114,0,0.035,0.043,0
"275",0,0,0.029,0,0,0,0,0,0.05,0,0.088,0,0,0.073,0,0,0,0,0.017,0,0.004,0,0.004,0,0.013,0,0,0,0,0.085,0.003,0.001,0,0,0,0.41,0,0,0,0,0,0.006,0.043,0.013,0.112,0,0,0,0.01
"276",0.001,0,0.026,0.054,0,0.005,0.008,0,0.001,0.008,0,0,0,0.255,0,0,0,0.001,0.017,0,0.005,0,0,0,0,0,0,0.008,0,0,0.019,0,0,0,0,0,0,0.071,0,0,0.242,0,0.029,0,0,0,0.051,0,0
"277",0,0,0,0.003,0,0,0,0.134,0.076,0,0.323,0.008,0,0,0,0.001,0.001,0,0,0.013,0,0.002,0,0,0,0.002,0.003,0,0,0.114,0,0,0.008,0,0,0.003,0,0.015,0.018,0,0,0.1,0,0.083,0.064,0,0,0,0.027
"278",0,0,0.015,0.242,0,0,0.045,0,0,0.045,0.023,0.002,0,0,0.232,0,0.008,0.031,0.002,0.124,0,0.004,0.013,0,0,0,0.007,0.023,0.001,0,0.023,0.001,0.016,0.024,0.034,0,0,0.072,0.013,0,0,0,0,0,0,0,0,0,0
"279",0.004,0.001,0.014,0.096,0,0,0.004,0,0.095,0.014,0.06,0,0,0.002,0.002,0,0.009,0,0,0.005,0.002,0.066,0,0,0,0.117,0,0,0,0.215,0,0.013,0.002,0,0,0,0,0.002,0.001,0,0.001,0.209,0,0,0,0,0.002,0.056,0
"280",0.288,0,0.003,0.035,0,0,0.003,0,0,0,0.008,0.002,0.019,0.097,0,0.008,0.023,0.007,0,0.009,0,0,0.027,0,0.001,0.022,0.04,0,0,0,0.001,0,0,0,0.001,0.001,0,0,0.001,0.006,0,0,0.025,0,0,0,0,0,0
"281",0,0,0,0.193,0,0,0.003,0.006,0.013,0.051,0.045,0,0,0,0,0,0,0,0,0.015,0,0.002,0.001,0,0,0,0,0.001,0.003,0.046,0.016,0,0.086,0,0,0.001,0,0.002,0.385,0,0,0.094,0,0,0,0,0,0,0.034
"282",0,0,0,0.047,0.001,0.012,0,0,0.002,0,0,0,0,0.078,0,0.624,0,0.008,0.002,0.001,0.004,0.026,0,0,0,0,0,0,0,0,0,0,0,0,0.002,0,0,0,0,0,0,0,0,0,0.051,0,0.062,0,0
"283",0,0,0.001,0.061,0.017,0,0,0,0,0.001,0,0,0,0.275,0,0,0.017,0,0,0.059,0,0,0.032,0,0,0,0,0.002,0,0,0.349,0,0.024,0,0,0,0.001,0,0.028,0,0.003,0,0,0,0,0.014,0,0,0.02
"284",0,0,0.04,0.072,0,0,0,0.021,0.001,0,0.002,0,0.002,0.068,0,0,0,0.004,0,0.005,0,0.004,0,0,0,0.001,0,0,0,0,0,0,0,0,0.071,0,0,0,0,0,0.111,0,0.194,0,0.175,0,0,0,0.225
"285",0.002,0,0.019,0.014,0,0,0,0.001,0.253,0,0.035,0,0,0.097,0,0.01,0,0.001,0.098,0,0,0.026,0,0.001,0,0,0,0.006,0.004,0.004,0,0.001,0.022,0.076,0.022,0,0,0.001,0,0.001,0.022,0.025,0.127,0,0.105,0.003,0,0.006,0
"286",0,0,0.031,0.075,0,0,0,0.008,0.26,0.003,0.03,0,0,0.194,0,0.02,0,0,0,0,0,0.053,0,0.022,0,0,0,0,0,0.002,0,0,0,0,0.051,0,0,0,0.003,0,0.022,0.044,0,0,0.084,0.008,0.041,0,0
"287",0,0,0,0.268,0,0,0,0.048,0.305,0,0.215,0,0,0,0,0.004,0.001,0.006,0.006,0,0,0.045,0,0,0,0,0.01,0,0,0,0,0.001,0.052,0,0,0.008,0,0,0.004,0,0.009,0,0,0,0,0.006,0,0,0.009
"288",0,0.001,0.022,0.152,0,0,0.035,0.005,0,0.004,0.043,0,0,0.008,0.023,0,0.001,0,0.149,0.078,0,0.007,0,0.001,0.001,0,0.003,0.132,0,0.006,0.001,0,0,0,0.001,0,0,0.038,0.045,0,0.043,0.083,0,0,0,0,0,0,0
"289",0,0.001,0,0.162,0,0.001,0,0,0,0,0.178,0,0.19,0,0,0,0,0.022,0.001,0,0.001,0,0,0.015,0.001,0.002,0.161,0.012,0,0.044,0,0.001,0.102,0,0,0,0,0,0.047,0,0.027,0,0.001,0,0.015,0.007,0,0,0
"290",0,0,0.104,0.031,0,0,0,0,0,0,0,0,0,0.19,0,0,0,0,0.048,0.113,0,0.03,0,0,0,0,0,0.009,0.009,0,0,0,0,0.288,0,0,0,0.099,0,0,0.031,0.013,0.004,0,0,0.001,0,0,0
"291",0.136,0,0,0.247,0,0,0,0,0.002,0,0,0,0,0.002,0.014,0,0,0.018,0.001,0.047,0,0.019,0,0,0,0,0,0,0,0,0.046,0,0,0,0,0,0.001,0.209,0,0,0.031,0.16,0,0,0,0,0,0,0.067
"292",0,0.084,0,0.074,0,0,0.003,0,0.006,0,0.187,0,0,0,0.001,0,0,0,0,0,0,0,0.267,0.001,0,0,0,0,0,0.219,0,0,0.038,0,0.032,0.007,0.001,0,0.033,0,0,0,0,0.001,0,0,0,0,0.044
"293",0.009,0.32,0.015,0.019,0,0,0,0.066,0,0.001,0.316,0,0,0,0,0.003,0,0,0.006,0,0,0,0,0.001,0,0,0,0.029,0,0.038,0,0,0.009,0,0,0,0,0,0,0,0,0.152,0,0,0,0,0,0.012,0
"294",0.006,0,0.003,0.137,0,0,0,0.001,0.013,0,0.07,0.02,0.006,0,0,0,0,0.002,0,0,0.013,0.029,0.023,0.001,0,0.023,0.107,0,0,0.035,0.002,0,0.15,0,0.001,0.002,0.005,0,0.303,0,0.012,0.018,0,0,0,0.007,0,0.002,0.007
"295",0.006,0,0,0.144,0,0,0,0,0.188,0.002,0.019,0.046,0,0.001,0.006,0,0,0,0.007,0.027,0,0.095,0,0.001,0.066,0,0,0.008,0,0.031,0,0,0,0,0,0.001,0.003,0.051,0.11,0,0,0.077,0,0.004,0,0,0.001,0,0.023
"296",0.001,0,0.095,0,0,0,0,0.175,0.001,0,0.305,0,0.002,0,0,0,0,0,0.001,0.012,0,0.1,0.002,0,0,0,0,0,0,0.04,0,0,0.004,0,0.001,0.006,0,0.001,0.006,0.001,0.001,0.126,0,0.102,0,0.001,0,0,0.012
"297",0.003,0.209,0.001,0.003,0,0,0,0,0.011,0,0.166,0,0.001,0,0,0,0,0.002,0.018,0,0,0.123,0,0,0,0,0,0.002,0,0.202,0.002,0.006,0,0,0,0.002,0,0,0.003,0.008,0,0.179,0,0,0,0,0.057,0,0
"298",0,0.087,0.308,0,0.004,0,0,0,0,0,0.005,0,0,0.194,0,0,0,0,0,0,0,0,0.004,0.045,0,0,0.001,0,0.011,0,0,0,0,0,0.029,0,0,0,0,0,0,0,0,0.088,0,0,0.011,0,0.008
"299",0,0,0.02,0.18,0,0,0.008,0,0.013,0,0,0.025,0,0,0,0,0,0,0,0.03,0,0.105,0,0,0,0,0.001,0.012,0,0,0.026,0,0,0,0.005,0,0.001,0.298,0,0,0,0.215,0,0.001,0,0.031,0,0,0
"300",0,0,0.03,0.089,0,0,0,0,0.164,0,0.032,0.002,0,0,0,0,0.006,0.017,0,0,0,0.068,0,0,0,0,0,0,0,0.583,0,0,0,0.004,0,0,0,0,0,0,0,0,0,0,0,0,0.001,0,0
"301",0,0,0.009,0.03,0,0,0,0.002,0.109,0,0,0.001,0,0.097,0.38,0,0,0,0.02,0,0,0.029,0,0,0,0,0,0,0,0,0,0,0,0,0,0,0,0,0,0,0,0,0.082,0,0.238,0.001,0,0,0
"302",0,0.002,0,0.024,0,0,0,0,0.018,0,0.043,0.005,0.012,0.085,0,0,0,0.001,0,0,0.001,0,0.05,0,0,0,0,0.004,0,0.02,0,0.003,0,0,0,0,0,0,0,0.468,0,0,0,0.002,0.001,0,0,0.004,0.002
"303",0,0,0,0.205,0,0,0,0,0,0.009,0,0,0.059,0,0,0.002,0,0,0,0.412,0,0.103,0,0,0,0,0,0.011,0,0,0.04,0,0,0.003,0,0,0,0.113,0,0.034,0,0,0,0.003,0,0,0,0,0
"304",0,0,0.002,0.135,0,0,0,0,0.126,0,0.018,0.015,0.014,0.182,0.001,0,0,0,0.008,0,0,0.002,0,0,0,0.002,0.045,0,0.001,0.001,0,0,0.225,0.018,0,0,0.004,0,0.014,0,0.001,0,0,0.008,0.134,0,0,0.006,0.001
"305",0,0,0.032,0.027,0.003,0,0.008,0,0.085,0.001,0,0.004,0,0.101,0.009,0.016,0,0.003,0,0,0,0.001,0,0.004,0,0,0,0,0,0.027,0,0,0,0,0.206,0,0,0.004,0.006,0.003,0.004,0.042,0.062,0.006,0.138,0.01,0.033,0.018,0.016
"306",0,0,0.047,0,0,0.018,0.01,0,0.038,0,0.008,0,0,0.184,0,0,0.007,0,0,0,0.001,0.071,0.157,0,0.001,0.036,0.008,0.011,0,0,0.048,0,0.001,0.015,0,0,0,0.018,0.017,0,0,0,0,0,0,0,0.061,0.025,0
"307",0,0.001,0.328,0,0,0,0,0.001,0.027,0.002,0.026,0,0,0.077,0,0.013,0,0.008,0,0.027,0,0.044,0,0,0,0,0.018,0,0,0.024,0.001,0.005,0,0.026,0.001,0.001,0.001,0,0,0,0,0,0.151,0,0.101,0.001,0.018,0,0
"308",0,0,0.047,0.131,0,0,0,0,0,0,0,0.005,0,0,0,0,0,0.017,0.004,0.408,0,0,0.003,0,0.021,0,0.032,0,0,0,0,0,0.027,0,0,0,0,0.04,0.144,0.032,0.005,0.054,0.026,0,0.002,0,0,0,0
"309",0.001,0,0.037,0.451,0,0,0,0,0,0,0,0,0,0.043,0,0.001,0,0,0,0.037,0,0.001,0,0,0,0,0,0,0,0,0,0,0.001,0,0,0,0,0.323,0,0.001,0,0.098,0,0,0,0.001,0,0.001,0
"310",0,0.114,0,0.052,0,0,0,0,0.003,0.104,0.149,0,0,0,0.013,0,0,0,0,0.005,0,0,0.001,0.038,0,0,0.001,0.009,0,0.303,0,0,0.047,0,0,0,0.02,0.003,0.022,0,0.001,0,0,0.04,0,0,0,0,0.075
"311",0,0,0.001,0.137,0,0,0,0.107,0.121,0,0.095,0.02,0.003,0,0,0,0,0,0.006,0,0,0.049,0,0.036,0,0,0.099,0,0,0.224,0,0.002,0,0.001,0,0,0,0,0,0,0.013,0.01,0,0,0,0,0,0.024,0.052
"312",0,0,0.039,0.066,0,0,0,0,0.079,0,0.037,0,0.001,0.085,0,0,0,0,0,0.002,0,0,0,0.03,0,0,0.026,0,0,0,0.001,0,0,0,0.002,0.001,0,0.008,0.001,0,0.008,0.048,0.101,0,0.178,0,0.154,0,0
"313",0,0,0.043,0.01,0,0,0,0.023,0.101,0.003,0.05,0,0,0.17,0,0,0,0.005,0,0,0,0,0,0.038,0,0.014,0.01,0,0,0.006,0,0,0.067,0,0.052,0,0,0,0,0.005,0.005,0.002,0.127,0,0.196,0,0.001,0,0
"314",0,0.002,0,0,0,0.008,0.001,0,0.068,0.021,0.041,0.011,0,0.071,0.006,0,0,0,0,0,0,0.008,0.03,0.007,0,0,0.001,0,0,0.01,0,0.004,0.025,0,0.076,0,0,0,0.034,0.151,0.045,0,0.008,0,0.011,0,0.025,0.104,0.002
"315",0.002,0,0.006,0.045,0,0,0.011,0,0.071,0,0.032,0,0,0.144,0.006,0,0.013,0.323,0.089,0,0,0.067,0.003,0,0.001,0,0,0.015,0.001,0,0,0,0,0,0.008,0,0,0.002,0,0,0,0,0.001,0,0.056,0.001,0,0.007,0
"316",0.002,0.075,0.121,0.036,0,0,0,0.016,0,0,0.02,0,0,0.04,0,0,0,0,0.001,0,0,0.004,0,0.141,0,0,0.006,0,0,0.074,0.01,0,0.004,0,0.016,0,0,0,0.014,0,0,0.029,0.148,0,0.078,0,0.164,0,0
"317",0.002,0.045,0,0.039,0,0,0,0.009,0.058,0.012,0.083,0.001,0,0.099,0.008,0,0,0.006,0,0,0,0.039,0,0.067,0,0,0,0,0,0,0.003,0,0.007,0,0.272,0,0,0,0.004,0,0.012,0.013,0,0,0.122,0,0,0.01,0.001
"318",0,0,0.004,0,0,0,0.093,0,0,0,0.085,0,0,0,0.232,0,0.001,0,0,0.014,0,0.167,0,0.004,0,0,0,0,0,0.044,0,0,0.004,0.01,0.001,0.009,0,0.026,0,0,0.053,0.155,0,0.001,0,0,0.055,0,0
"319",0,0.001,0.017,0.092,0,0.008,0,0,0,0,0,0,0,0.215,0,0.027,0,0.017,0.007,0,0,0,0,0.008,0,0.013,0,0,0,0,0,0,0.001,0.024,0.019,0.001,0,0,0.002,0,0.219,0,0.088,0,0.14,0,0.016,0,0
"320",0,0.001,0,0.019,0,0,0,0,0,0,0.008,0,0,0.091,0,0,0.008,0,0,0,0,0.005,0.023,0,0,0,0,0,0,0.01,0,0.604,0,0,0,0,0,0,0,0,0,0,0,0.001,0,0,0,0,0
"321",0,0,0,0.003,0,0,0,0.033,0.057,0,0,0,0.017,0.173,0,0.018,0,0,0.007,0,0,0.006,0,0,0.013,0,0,0,0,0.047,0,0,0,0.003,0,0,0,0.004,0,0,0.006,0,0.061,0.128,0.101,0.005,0,0,0
"322",0.02,0,0.01,0.047,0.001,0.001,0.006,0.013,0,0,0,0,0.012,0.086,0,0.001,0,0,0,0.001,0.001,0.022,0.054,0.034,0.004,0.029,0.061,0,0,0,0.001,0.001,0.13,0,0.07,0,0,0.001,0,0.012,0,0,0.085,0.149,0.053,0.039,0,0,0
"323",0.002,0,0.1,0.021,0.001,0.284,0,0,0,0,0,0,0,0.081,0.001,0.012,0.105,0,0.003,0,0,0.027,0,0,0,0,0,0.001,0.001,0,0,0.012,0,0.007,0,0,0,0.056,0,0.001,0,0.014,0,0,0,0,0,0.001,0
"324",0.023,0,0.001,0.147,0,0.005,0,0.198,0.081,0.004,0.28,0.049,0,0,0,0,0,0,0,0,0,0,0.001,0,0.001,0,0,0.005,0.001,0.023,0,0.002,0.028,0,0.001,0,0,0,0,0,0.003,0.072,0.021,0.02,0,0,0,0,0.026
"325",0,0.009,0,0.097,0,0,0.001,0.005,0.02,0.014,0.038,0.002,0.011,0.037,0,0,0.002,0,0.004,0.001,0,0,0,0.024,0.008,0,0.019,0,0,0.004,0.009,0.004,0.3,0,0,0,0,0,0.091,0.022,0.007,0,0,0.113,0.038,0.015,0.019,0,0.072
"326",0,0.004,0,0.157,0.001,0,0,0,0.151,0,0.094,0,0.001,0,0,0.001,0,0,0,0,0,0.147,0,0,0.003,0.022,0,0.002,0,0.108,0,0,0,0,0.032,0.001,0,0.013,0.026,0,0.028,0.136,0,0,0.001,0,0.001,0.07,0.001
"327",0.002,0.003,0,0.026,0,0,0,0,0.02,0.004,0,0,0.008,0.168,0.007,0,0,0.017,0,0,0,0,0.003,0.025,0.158,0.002,0.014,0,0,0.008,0,0.002,0.024,0,0.002,0,0,0,0,0.002,0.035,0,0.004,0.095,0.063,0.019,0.016,0,0.009
"328",0,0,0,0.161,0,0,0.013,0,0,0,0.023,0,0,0.02,0,0,0,0.008,0,0,0,0,0.178,0.005,0.006,0,0.008,0,0,0.034,0,0,0.023,0,0.028,0,0,0,0.001,0,0,0,0.013,0.001,0.119,0,0,0.005,0.352
"329",0,0.012,0,0.273,0.003,0.001,0.001,0.048,0,0,0,0,0,0,0.088,0.001,0.02,0,0,0,0,0.054,0,0,0,0,0.001,0,0,0,0,0,0,0.016,0,0,0,0.112,0.012,0,0.003,0.329,0,0.006,0.002,0,0.001,0,0
"330",0,0,0,0.108,0.001,0.001,0,0.025,0.097,0,0.098,0,0,0,0.079,0,0.012,0.024,0.002,0.028,0,0.063,0.037,0.004,0,0,0.037,0,0,0.247,0,0.005,0.027,0,0,0.001,0,0,0.001,0,0,0,0.036,0.011,0,0.011,0,0.034,0.01
"331",0,0.016,0.08,0.025,0.002,0,0.009,0,0.09,0,0.061,0,0,0.084,0.003,0.006,0,0,0,0,0,0,0.015,0.038,0,0,0,0,0,0,0.039,0,0,0.017,0,0,0,0,0,0,0.005,0.012,0.1,0.044,0.003,0,0.024,0,0
"332",0,0,0,0.126,0,0,0.086,0,0.022,0.003,0.055,0,0,0,0,0,0,0,0,0.046,0.002,0.127,0.027,0,0.056,0,0,0.006,0,0.087,0.031,0,0.005,0,0,0.005,0,0,0.072,0,0,0.001,0,0.046,0,0,0,0,0.197
"333",0.011,0,0.019,0.096,0,0.001,0.001,0.018,0,0,0,0,0,0.129,0,0,0,0.001,0,0.013,0,0,0.035,0.021,0.037,0.001,0.013,0,0.021,0,0.272,0,0,0,0,0,0.001,0,0.036,0,0.011,0,0.094,0.005,0.126,0,0,0,0.002
"334",0,0,0.005,0.005,0,0,0,0.002,0,0,0,0,0.02,0,0,0,0,0,0,0,0,0,0,0.056,0.046,0.008,0.032,0,0.001,0,0,0,0,0,0,0,0,0,0,0,0.115,0,0.056,0.287,0.216,0.002,0,0,0.022
"335",0,0.002,0.094,0.471,0,0.001,0,0,0,0,0.013,0.002,0.002,0,0,0,0,0,0,0,0.001,0.037,0,0,0,0.014,0.003,0,0.001,0,0,0,0,0,0,0,0.001,0.153,0.149,0,0,0.044,0,0,0,0.011,0,0,0
"336",0.001,0.005,0,0,0,0.002,0,0.009,0.035,0.07,0.002,0,0,0,0.005,0,0.001,0.017,0,0,0,0.004,0.131,0.077,0.006,0.05,0,0,0,0.059,0,0,0.086,0.02,0.079,0,0,0,0,0.035,0.011,0.006,0,0,0.034,0,0.19,0.012,0
"337",0,0.001,0.391,0.084,0.001,0,0,0.002,0.074,0,0,0.005,0,0.134,0,0,0,0,0,0,0,0.054,0,0,0,0,0,0.011,0,0.007,0.006,0,0,0.012,0,0.015,0.006,0.033,0,0.009,0,0.087,0.001,0.001,0,0,0.005,0,0
"338",0,0.014,0.007,0.018,0,0,0,0.014,0.099,0,0.039,0.104,0,0,0,0,0.012,0,0,0,0,0.007,0,0.074,0,0,0,0.009,0,0.173,0,0.001,0,0,0,0.027,0,0,0,0.011,0,0,0.062,0.034,0.195,0.001,0.003,0,0.005
"339",0,0.001,0.001,0.097,0,0,0,0.07,0,0,0.047,0,0.012,0.027,0.012,0.031,0,0.053,0.002,0.009,0.001,0.022,0,0,0,0.01,0.004,0.005,0.016,0,0,0,0.236,0.069,0.013,0.004,0,0,0,0,0,0.001,0.039,0.007,0.128,0.017,0,0.023,0.04
"340",0,0.013,0,0.016,0,0.001,0,0.027,0,0,0.053,0,0,0.072,0,0,0,0.004,0,0,0,0,0,0.042,0.345,0.008,0,0.001,0.008,0.047,0.008,0,0.006,0,0.01,0,0,0,0,0,0,0,0.02,0.001,0.054,0,0,0,0.018
"341",0.001,0,0,0.113,0,0,0,0,0,0.002,0.079,0.001,0.522,0.001,0,0,0,0,0,0,0,0,0,0.013,0,0,0.058,0,0,0.096,0,0.002,0.039,0,0,0,0,0,0,0,0,0,0.001,0,0,0,0,0.023,0
"342",0,0.058,0,0.173,0,0.001,0,0,0,0,0,0,0,0,0,0,0,0.001,0,0,0.001,0.049,0,0,0.003,0,0.021,0.011,0.282,0.113,0,0.027,0,0,0.001,0.003,0,0.047,0.002,0,0.001,0.162,0,0,0,0,0,0.038,0
"343",0,0.023,0.042,0.019,0,0,0.001,0,0,0,0,0,0,0.083,0,0,0.309,0,0,0.112,0,0.053,0.073,0,0.005,0,0,0.013,0.019,0.005,0,0.003,0,0.001,0,0,0,0.011,0,0,0,0,0,0,0,0,0,0,0
"344",0,0,0.055,0.165,0,0,0,0,0.001,0,0,0,0,0.279,0.001,0,0.028,0,0,0,0,0.048,0,0.017,0,0,0,0.012,0.005,0,0.001,0,0,0.002,0,0,0,0.266,0,0,0,0.037,0,0,0,0,0.008,0,0
"345",0.004,0.021,0,0.137,0,0.01,0.004,0,0.007,0,0.216,0.002,0,0,0,0,0.008,0,0.019,0.105,0.007,0.005,0.01,0.002,0,0,0,0.02,0,0.07,0,0.033,0.013,0,0,0.005,0,0.002,0.262,0.016,0,0,0,0,0,0,0,0.016,0
"346",0.001,0,0,0.005,0,0.001,0,0.071,0,0.001,0,0,0.005,0.085,0,0,0,0.001,0,0,0,0,0,0.321,0.002,0.001,0.001,0,0,0.089,0,0,0.014,0,0,0,0,0,0,0,0,0,0.069,0.061,0.047,0,0.006,0.019,0
"347",0.003,0,0,0.08,0,0.007,0,0.063,0.176,0,0.006,0,0.013,0.084,0.009,0,0,0.002,0.008,0.001,0.004,0.013,0.001,0.008,0.005,0.005,0.014,0.001,0,0,0,0.001,0.016,0.014,0.052,0.085,0,0,0,0,0,0.008,0,0,0.244,0,0.003,0.016,0
"348",0,0,0.042,0.066,0,0,0.081,0,0.126,0,0.006,0,0,0.001,0.005,0,0,0,0,0,0,0.04,0,0.011,0,0,0.004,0,0.005,0.284,0.001,0,0.014,0,0.001,0,0,0,0,0,0,0.255,0.001,0,0.009,0,0,0.049,0
"349",0.001,0,0.031,0.052,0,0,0.003,0,0.004,0.017,0,0,0,0.131,0.012,0.009,0.002,0.05,0.003,0,0.003,0.029,0,0,0,0,0,0,0.001,0.004,0,0.004,0,0.189,0,0,0.002,0,0.032,0,0,0.041,0,0,0.113,0,0.097,0,0
"350",0.167,0,0.088,0.025,0,0,0,0,0,0,0,0,0,0.119,0.009,0,0.005,0,0.002,0.023,0,0,0.079,0,0,0.013,0.043,0,0.004,0,0.007,0.009,0,0.007,0,0,0,0.019,0,0.019,0.093,0.034,0,0,0,0,0.009,0,0
"351",0.006,0.005,0,0.116,0,0.009,0,0.001,0.239,0,0.028,0,0,0.138,0.018,0,0,0,0,0.001,0,0.021,0.001,0.006,0,0.001,0,0,0.001,0.003,0,0,0.004,0.026,0,0,0,0.008,0.001,0,0.031,0,0.03,0.019,0.233,0,0.014,0.001,0
"352",0,0,0,0.092,0,0,0.008,0.04,0.056,0.034,0.076,0.001,0,0.065,0,0.003,0.001,0.165,0,0,0,0,0,0.044,0.028,0,0.018,0,0,0.083,0.004,0,0,0.005,0.031,0.018,0.003,0,0,0,0.006,0,0.006,0,0.171,0,0,0.006,0.034
"353",0,0.004,0,0.026,0,0.001,0.013,0,0.017,0.055,0.085,0,0,0.039,0,0,0,0.045,0.013,0,0,0.005,0.014,0.054,0.026,0.002,0.002,0,0,0,0,0.005,0.049,0,0,0.011,0.002,0,0,0,0,0,0.048,0.236,0.083,0,0,0,0.034
"354",0,0,0.11,0,0.001,0,0.168,0.031,0.113,0,0.263,0,0,0,0,0,0,0,0.023,0,0.005,0,0,0,0.031,0,0,0.004,0.035,0.094,0.016,0,0.015,0.039,0,0,0,0,0,0,0,0,0.014,0,0,0,0,0.035,0
"355",0,0,0.048,0.018,0.008,0,0.007,0,0.004,0,0.011,0.001,0.007,0.086,0.001,0.022,0.007,0,0,0.007,0,0.018,0,0,0,0.326,0.02,0,0,0.011,0,0,0,0.013,0,0,0,0.014,0,0,0,0.001,0.048,0,0.004,0,0,0,0
"356",0,0,0,0.163,0,0,0,0,0.002,0.003,0,0,0,0,0,0,0,0,0.001,0.536,0,0.022,0,0,0.002,0,0,0.026,0,0,0,0,0,0,0.001,0.001,0.001,0.232,0.002,0,0,0,0,0,0,0,0,0,0.004
"357",0,0,0,0.144,0,0,0,0.015,0.06,0.001,0,0.008,0.029,0,0,0,0,0,0,0,0,0.5,0,0,0.003,0,0.013,0,0.001,0,0.001,0,0,0,0.016,0,0.006,0.044,0,0,0,0.114,0,0.011,0,0,0,0.034,0
"358",0,0,0,0.054,0.006,0,0,0.001,0,0,0,0,0.007,0.047,0,0,0,0.001,0,0,0,0,0.467,0.007,0,0.005,0,0,0,0.032,0,0.001,0.001,0,0,0,0,0,0,0.1,0,0,0,0.001,0.034,0.002,0,0,0
"359",0,0.003,0.076,0.018,0,0,0.012,0,0,0.001,0,0,0,0.162,0,0,0.005,0,0.313,0.058,0,0.012,0,0,0,0.017,0,0.175,0.012,0,0,0,0,0,0,0.001,0,0.043,0,0,0.005,0,0,0.002,0,0,0.001,0,0.002
"360",0,0,0,0.112,0,0.001,0.022,0,0,0,0.048,0,0,0.1,0,0,0,0,0,0,0,0,0.159,0,0,0.003,0,0,0,0.017,0,0.001,0,0,0,0,0,0,0,0.349,0,0.003,0,0,0,0,0,0,0.005
"361",0,0,0,0.05,0,0.001,0,0.027,0.208,0,0.001,0,0.001,0.118,0.001,0,0,0.003,0,0,0,0.013,0,0.105,0.003,0.001,0,0,0,0,0,0.002,0,0.002,0.002,0,0,0,0.003,0,0,0,0.002,0.005,0.236,0,0.018,0.055,0
"362",0,0,0.003,0.069,0.022,0,0,0,0.086,0,0.002,0,0,0.171,0,0.254,0,0,0,0,0.001,0.036,0.028,0.016,0.002,0,0.006,0,0,0.041,0,0.002,0,0,0,0,0.002,0,0,0,0.041,0.022,0,0,0.022,0,0.107,0.001,0
"363",0,0.008,0,0.003,0.001,0,0,0,0.02,0,0.047,0.001,0,0.136,0.001,0,0,0,0,0.001,0,0.002,0,0,0.373,0,0,0,0,0.048,0,0,0,0.004,0,0.001,0,0,0,0,0.02,0.004,0,0.003,0,0,0.032,0,0.005
"364",0,0,0,0.095,0.005,0.001,0,0.041,0,0,0.01,0.001,0.017,0.045,0,0.001,0,0,0,0,0,0,0.011,0.02,0,0,0.019,0,0.005,0,0,0,0.272,0,0,0,0,0,0,0.009,0.003,0.003,0.044,0.026,0.24,0.001,0.055,0.011,0.061
"365",0.01,0,0.036,0,0,0,0,0,0.049,0.005,0,0,0,0.1,0,0.001,0.011,0,0.008,0,0,0.035,0.006,0,0,0,0,0,0,0,0,0,0.005,0,0,0,0,0,0,0.005,0.018,0,0.014,0,0.296,0,0.197,0.021,0
"366",0.001,0,0,0.145,0,0.002,0,0.007,0.002,0,0.043,0.005,0,0,0.238,0,0,0,0,0.094,0,0.129,0,0,0,0,0,0.047,0,0.025,0,0.027,0,0,0.003,0,0,0.121,0.012,0.013,0,0.081,0,0,0,0,0,0,0
"367",0.04,0,0.013,0.096,0,0,0,0,0,0,0,0.001,0,0.045,0,0,0.253,0.002,0.009,0.013,0,0.064,0,0,0,0.001,0.004,0,0,0,0.027,0,0,0,0,0.011,0,0.102,0,0,0,0.039,0,0.046,0,0.007,0,0,0.002
"368",0.003,0.016,0,0.057,0,0,0,0.06,0.116,0,0.071,0,0,0.001,0,0,0,0,0,0,0.001,0,0,0.106,0,0.015,0.007,0.001,0.002,0.048,0,0,0,0,0.002,0,0,0,0.001,0.002,0.037,0,0.018,0,0.315,0,0,0.007,0.046
"369",0.016,0,0.001,0.04,0,0,0,0,0,0.031,0,0,0,0.089,0,0,0.29,0,0.01,0.187,0.001,0.039,0.027,0,0.043,0,0,0,0,0,0.016,0,0,0,0,0.001,0.001,0.006,0,0,0,0.001,0,0,0,0.008,0,0,0
"370",0.028,0.009,0,0.067,0,0,0,0.11,0.065,0,0,0,0,0.018,0,0.05,0,0.021,0,0,0,0.005,0.004,0.025,0,0,0.017,0,0,0.001,0.019,0,0.045,0,0,0,0.001,0.001,0.022,0,0.006,0,0,0.158,0.198,0,0.024,0.02,0.034
"371",0,0,0.003,0.062,0,0.006,0,0,0.02,0,0.013,0,0,0.091,0,0,0.021,0.251,0,0,0,0,0,0.002,0.016,0,0.026,0,0,0,0.002,0,0,0,0.004,0,0.002,0,0.026,0,0.026,0,0.051,0,0.116,0.005,0,0,0.001
"372",0,0,0.052,0.16,0,0,0.006,0.001,0.033,0,0.066,0.029,0,0,0.001,0,0.001,0.001,0,0,0,0.026,0.032,0,0,0,0,0,0,0.042,0.051,0.001,0,0,0.001,0.023,0,0.177,0.001,0,0,0.289,0,0,0,0,0,0,0.005
"373",0,0.001,0.002,0.021,0,0,0,0.001,0.051,0,0.03,0,0,0.074,0,0.015,0.001,0,0,0,0,0.032,0,0.157,0,0.032,0.003,0,0,0.002,0,0,0,0,0.032,0.003,0.001,0.001,0.001,0.002,0,0.003,0.012,0,0.199,0.003,0.114,0.014,0.041
"374",0,0,0,0.1,0,0,0,0,0,0,0.004,0,0,0,0,0,0,0,0.757,0,0,0.001,0.001,0,0,0,0,0,0,0,0,0,0,0,0,0,0,0.078,0,0,0,0.056,0,0,0,0,0,0,0
"375",0,0,0.012,0.019,0,0.002,0,0,0,0,0,0,0.001,0.1,0.001,0.001,0.488,0,0,0.005,0,0.001,0,0,0,0.006,0,0,0,0,0,0.002,0,0.002,0,0,0,0.003,0,0,0,0.011,0,0.002,0,0,0.003,0,0
"376",0,0.004,0,0.09,0,0,0,0.001,0.037,0.001,0.293,0,0,0,0.006,0.001,0,0,0.053,0.004,0,0.037,0,0.001,0.003,0,0,0.018,0,0.083,0.002,0,0,0.028,0,0.038,0,0.001,0,0,0.001,0.096,0.001,0.001,0,0,0,0,0.156
"377",0,0,0.016,0.023,0,0,0.029,0.012,0.001,0.396,0.056,0,0,0.096,0,0,0.021,0,0.005,0.02,0.001,0.032,0.008,0,0.012,0.007,0,0,0.004,0,0,0.007,0,0,0,0.013,0,0.011,0.001,0.007,0,0,0.001,0.001,0,0,0,0,0.001
"378",0,0,0,0,0,0,0,0,0,0,0.002,0,0.001,0.069,0,0.003,0.555,0,0,0.012,0.008,0.015,0.007,0,0,0,0,0.01,0,0.001,0,0.009,0,0,0,0.002,0,0,0,0,0,0,0,0,0,0.001,0,0.006,0
"379",0.009,0,0,0,0,0,0,0.002,0,0,0,0,0,0.125,0.015,0,0,0,0,0,0,0.08,0.053,0,0,0,0,0,0.01,0,0.301,0,0,0.017,0,0,0,0,0.042,0,0.007,0.001,0.103,0,0.046,0,0.021,0,0
"380",0,0.003,0.069,0,0,0,0,0,0.263,0,0,0,0,0,0.005,0,0,0,0.003,0,0.001,0,0,0,0,0.005,0.053,0,0.001,0,0.002,0,0,0.079,0.002,0,0.003,0,0,0.077,0,0,0.209,0,0.218,0,0,0.002,0.001
"381",0,0.006,0,0.216,0,0,0.401,0,0,0.001,0.023,0,0.01,0,0,0.001,0,0,0,0.081,0,0,0.013,0,0,0.077,0,0.031,0,0,0,0.003,0.006,0,0.004,0.002,0.008,0.04,0,0.005,0.005,0,0,0.001,0.006,0,0,0.004,0
"382",0,0,0,0.055,0,0,0,0,0.064,0,0.289,0.002,0,0,0,0,0,0,0,0,0,0.132,0,0.055,0.016,0,0,0,0,0.056,0,0.006,0,0,0.021,0,0.001,0,0.001,0,0,0,0,0.188,0.042,0,0,0.02,0.045
"383",0,0.068,0,0.096,0.006,0,0.059,0.044,0,0,0.237,0.001,0,0.004,0,0.001,0,0,0,0.004,0,0,0,0,0,0.007,0.029,0,0.152,0.175,0,0,0,0.004,0,0,0,0,0.034,0,0,0,0.004,0,0,0,0,0.031,0
"384",0,0,0,0,0.001,0,0.019,0,0,0,0,0,0,0.06,0,0.002,0.634,0,0,0.007,0,0,0,0,0,0.004,0,0,0,0,0,0.003,0,0,0.004,0,0,0.001,0,0.001,0,0,0,0,0,0,0,0,0
"385",0,0.003,0,0.22,0.019,0.026,0.049,0,0,0,0,0,0,0,0,0,0,0,0.11,0,0,0.147,0,0,0,0.028,0,0.005,0,0.002,0.001,0,0,0.006,0,0,0,0.08,0,0,0.008,0.26,0.002,0,0,0,0,0.001,0
"386",0,0.025,0,0.039,0.005,0,0,0.039,0.031,0.007,0.245,0,0,0,0,0,0,0,0.011,0,0,0.017,0,0,0,0,0.012,0.001,0,0.358,0,0,0,0.167,0,0,0,0,0,0,0,0,0.023,0,0,0,0.01,0.008,0
"387",0.001,0.016,0.071,0.065,0,0,0.003,0,0.202,0,0.002,0,0,0.059,0,0.016,0.002,0.011,0.009,0,0.002,0.002,0,0.17,0,0,0,0,0.008,0.002,0,0,0.004,0,0.009,0,0,0,0,0,0,0,0.03,0,0.179,0,0,0.006,0
"388",0.009,0,0,0.039,0.002,0,0.009,0.032,0.096,0,0.002,0.028,0.012,0.08,0.004,0.015,0,0.021,0.012,0,0,0,0,0,0,0.015,0.233,0,0,0.013,0,0,0.076,0,0.01,0,0,0,0.008,0,0,0.013,0.024,0,0.01,0.018,0,0,0
"389",0.093,0.079,0,0,0,0,0,0,0.051,0,0.012,0,0,0.085,0,0,0,0,0,0,0,0.01,0,0.23,0,0.001,0,0,0.054,0.074,0,0.014,0,0,0.031,0,0,0,0,0.001,0,0.021,0.03,0,0.067,0,0.033,0,0
"390",0,0.029,0.058,0.053,0,0.001,0,0,0,0.006,0.002,0,0,0.049,0,0,0.002,0.002,0.019,0,0,0.007,0,0.034,0.158,0,0.008,0.005,0,0,0.006,0,0.022,0,0,0,0.003,0.002,0,0,0.002,0.02,0.091,0,0.279,0.001,0.071,0.003,0.059
"391",0,0,0.005,0,0.002,0,0,0,0.04,0.001,0,0.024,0.021,0.099,0,0,0,0,0,0,0,0,0,0.268,0,0.002,0.113,0,0,0,0.032,0,0,0.015,0,0,0,0,0,0,0.04,0,0.01,0.01,0,0,0,0,0.007
"392",0,0.001,0,0.182,0,0.001,0.001,0.057,0.047,0.018,0.08,0.007,0.013,0,0,0,0.002,0,0,0.016,0,0.084,0.008,0,0,0,0.05,0,0,0,0,0,0.031,0,0.012,0,0,0.001,0.281,0.018,0,0,0,0.083,0,0,0.001,0,0.006
"393",0.076,0,0,0,0,0,0,0,0.043,0,0,0,0.001,0.131,0.001,0,0,0,0,0,0,0.105,0.003,0.074,0,0,0.032,0,0,0.001,0,0.018,0,0,0,0,0,0,0.002,0.021,0.015,0.011,0,0.244,0.06,0,0.048,0.014,0.003
"394",0.036,0,0,0.181,0,0.005,0,0,0.002,0,0,0,0.016,0,0,0,0.002,0,0.001,0.1,0,0.03,0.184,0,0,0.06,0,0,0.021,0,0,0,0,0,0,0,0,0.003,0.301,0.049,0,0,0,0.002,0,0,0.002,0.001,0.001
"395",0.001,0,0.016,0.009,0,0,0,0,0.067,0,0,0,0,0.107,0,0,0,0,0.041,0,0,0,0.014,0.236,0,0,0.019,0,0,0.007,0,0.004,0,0.035,0,0,0,0,0,0,0.021,0,0.004,0,0.232,0,0,0.13,0
"396",0,0,0.016,0.074,0,0.001,0,0.043,0.055,0,0.017,0.038,0.013,0.016,0,0,0,0.017,0.005,0,0,0.019,0.018,0.001,0.001,0.013,0.004,0,0,0.015,0.001,0,0.009,0,0,0,0,0,0,0,0.003,0,0.042,0.331,0.194,0,0,0,0.015
"397",0,0,0.312,0.109,0,0.005,0,0,0,0,0,0,0,0.112,0,0,0.004,0,0.002,0.023,0,0.033,0.005,0,0.004,0,0.05,0,0,0.001,0.006,0,0.128,0,0,0,0.006,0,0.057,0,0,0.001,0.001,0,0.06,0.006,0,0,0
"398",0,0,0.046,0.211,0,0.012,0,0,0.041,0,0,0,0,0,0.001,0,0.001,0.009,0.007,0.001,0,0.083,0.069,0,0.001,0,0,0.024,0,0.018,0.045,0.011,0,0,0,0,0,0.079,0.099,0,0.025,0.165,0.001,0,0,0,0.008,0,0.031
"399",0,0,0.023,0.042,0,0,0,0,0.278,0,0,0,0.002,0.063,0.008,0.027,0.003,0.076,0,0,0.008,0.009,0,0.013,0,0,0,0,0,0,0,0.019,0,0.023,0,0,0,0,0,0.001,0.029,0,0,0,0.162,0,0.059,0.066,0.001
"400",0,0.008,0.008,0.067,0,0,0,0.12,0.092,0,0,0,0.031,0,0,0,0.028,0.014,0,0,0,0,0.02,0.046,0.003,0.001,0.012,0,0.004,0,0.002,0,0.034,0.002,0.001,0,0,0,0,0,0,0,0.072,0.045,0.315,0,0,0,0.023
"401",0.041,0.02,0,0,0,0,0,0.005,0,0,0,0,0,0.012,0,0,0,0,0,0,0,0,0.002,0.384,0.026,0,0.011,0,0.021,0.042,0,0,0,0,0,0,0,0.001,0,0,0,0,0.071,0.034,0.062,0,0,0,0.006
"402",0.03,0.318,0,0.041,0.027,0,0,0.025,0.001,0,0.044,0,0.004,0,0,0.047,0,0,0,0.001,0,0.115,0,0.001,0,0,0,0,0,0.003,0.022,0.002,0,0,0.037,0,0,0,0,0,0,0,0.02,0,0.102,0,0,0.013,0
"403",0,0.001,0,0.298,0,0.002,0,0.034,0.036,0.002,0.041,0.005,0.004,0,0,0,0,0.007,0,0.001,0,0,0,0,0,0,0.023,0,0,0,0,0,0.376,0.004,0,0.006,0,0.021,0.062,0,0,0.028,0.004,0.003,0.008,0,0,0,0.023
"404",0.002,0,0.002,0.065,0,0,0.002,0,0.086,0.389,0.027,0.001,0,0.039,0,0,0,0.021,0,0.004,0,0,0.001,0,0.002,0,0,0.001,0,0,0,0.002,0.069,0.01,0,0.003,0.002,0,0.001,0,0,0,0.016,0.007,0.193,0,0.026,0,0.01
"405",0,0,0.023,0,0,0,0.001,0.029,0.025,0,0.019,0,0.001,0.051,0.001,0.024,0,0.001,0,0,0,0.004,0,0,0,0,0.034,0,0,0,0.301,0,0.011,0.086,0,0.006,0,0.006,0,0,0,0,0.052,0.035,0.072,0,0.003,0,0
"406",0,0,0.064,0.046,0,0,0,0,0.033,0,0,0.001,0,0.018,0,0,0,0,0.015,0.003,0,0.073,0.001,0,0,0.033,0,0,0,0.017,0.016,0.007,0,0.017,0,0,0.003,0.006,0.025,0,0.02,0.027,0.058,0,0.01,0,0.445,0,0.001
"407",0.02,0,0.129,0.078,0,0,0,0,0.053,0,0.002,0,0,0.122,0,0.009,0,0.058,0.002,0,0.001,0.015,0,0,0.054,0.008,0.002,0,0,0,0.043,0,0,0.001,0,0,0,0.011,0.019,0,0.005,0.001,0.033,0,0.158,0,0.075,0,0.093
"408",0,0,0.212,0.056,0,0,0.002,0.004,0.1,0,0,0.038,0,0.145,0.002,0.002,0,0.065,0,0,0.001,0.032,0,0.029,0,0,0,0,0.013,0,0.001,0,0,0.02,0,0,0,0.033,0.014,0,0,0.104,0.03,0,0.084,0,0,0.009,0
"409",0.003,0,0.016,0.043,0.001,0,0,0.027,0.019,0,0,0,0.001,0.159,0.022,0.006,0,0.126,0,0,0,0,0,0.113,0,0,0,0,0.003,0,0.012,0.003,0.017,0.002,0.012,0,0,0,0,0,0.017,0,0.05,0,0.113,0,0.024,0.019,0.009
"410",0.001,0,0,0.002,0.002,0,0,0.008,0.019,0,0,0,0.125,0.03,0.001,0.041,0.146,0,0,0,0,0.013,0,0,0,0.011,0.036,0,0,0.006,0,0.009,0.003,0,0,0,0,0,0,0.041,0.003,0,0,0,0.002,0.001,0.001,0,0
"411",0,0.002,0.002,0.187,0,0,0,0.044,0.018,0.047,0.129,0,0.119,0.001,0,0.178,0,0,0,0.004,0,0,0.008,0,0,0.001,0.001,0,0,0.015,0,0,0.017,0,0,0,0,0.005,0.04,0.035,0.022,0.001,0,0.092,0,0,0,0.024,0.007
"412",0,0,0,0.112,0,0.005,0,0,0.005,0.001,0,0.532,0,0.012,0.001,0,0,0,0,0,0,0.003,0.059,0,0,0,0,0,0,0.025,0,0,0,0,0.003,0,0.001,0.032,0.062,0,0,0.004,0.033,0.011,0.041,0,0,0,0.002
"413",0,0,0.001,0,0,0,0,0,0.108,0,0.047,0,0,0.001,0,0,0,0.085,0.005,0,0,0.171,0,0,0.004,0,0,0,0,0.382,0,0,0.014,0,0.01,0,0,0,0,0,0.055,0.063,0,0,0.02,0,0,0.018,0.015
"414",0,0.006,0,0.06,0,0,0,0.001,0.042,0,0.015,0,0,0.003,0.01,0.009,0.001,0.103,0,0,0.002,0.034,0,0.024,0,0,0,0,0,0.045,0.001,0,0.027,0,0.186,0.02,0,0,0,0.001,0,0,0,0.001,0.265,0.001,0,0.052,0.009
"415",0.179,0,0,0,0,0,0,0,0.028,0.004,0,0,0.066,0,0,0,0,0,0,0.001,0,0,0.159,0.044,0,0,0.071,0,0,0.001,0,0,0,0,0.001,0,0,0.001,0,0.072,0,0,0,0,0.119,0,0,0,0
"416",0.04,0,0.015,0,0,0.458,0,0,0,0,0.024,0,0.032,0.017,0.007,0,0.016,0,0.008,0,0,0,0,0,0,0.005,0.009,0,0,0,0,0,0,0.002,0,0,0.052,0,0,0,0.002,0,0,0,0,0,0.067,0.017,0
"417",0,0,0.032,0.136,0,0.005,0,0.061,0.122,0,0.001,0,0.009,0.003,0.01,0,0,0.009,0.016,0,0,0,0.003,0.01,0,0.017,0.13,0.003,0.008,0,0,0.001,0.009,0,0,0.001,0,0,0,0,0,0.007,0.028,0,0.373,0.001,0,0.004,0
"418",0.057,0,0,0.034,0.007,0,0,0,0.043,0,0.005,0,0.013,0.01,0,0.283,0,0,0,0.004,0,0,0.001,0.02,0,0,0.013,0,0.001,0,0,0,0,0.014,0,0,0,0,0,0,0,0,0,0,0.002,0,0,0.021,0
"419",0,0,0,0.014,0,0,0,0,0.119,0,0,0,0,0.124,0.002,0.023,0,0,0.186,0,0.001,0,0,0,0.001,0,0,0,0,0,0,0,0,0.028,0,0,0.002,0,0,0,0.011,0,0,0,0.147,0,0,0,0
"420",0,0,0,0.067,0,0,0,0.004,0,0,0,0,0,0,0,0,0.005,0.002,0.001,0,0,0.027,0,0,0,0,0.343,0,0,0,0.005,0,0.001,0,0,0.001,0,0,0,0.037,0.009,0.001,0.051,0.001,0.153,0,0.019,0.003,0
"421",0,0,0,0,0,0,0,0,0.014,0,0.013,0,0,0,0,0,0,0,0.001,0,0,0.017,0,0.011,0.015,0,0,0,0,0.071,0.003,0.001,0,0,0,0.574,0,0,0.001,0,0,0,0,0,0.144,0,0.031,0.002,0
"422",0.008,0.024,0,0.032,0.001,0,0,0.001,0.315,0,0.029,0,0,0.027,0,0.03,0,0.004,0,0,0,0.02,0,0.022,0.005,0,0,0,0.001,0,0,0.006,0,0,0.025,0,0.003,0,0,0.002,0,0,0.001,0,0.238,0,0.013,0.121,0.003
"423",0.003,0,0.074,0.156,0,0,0.03,0,0,0,0,0.007,0.019,0.139,0,0,0.022,0.003,0.013,0.086,0.001,0.036,0,0,0,0,0.026,0.001,0.004,0,0.011,0,0.106,0.019,0.008,0,0,0.043,0.032,0,0.026,0.032,0,0,0.024,0,0,0.003,0
"424",0.001,0,0,0.088,0,0,0,0.14,0.099,0,0.025,0.007,0.012,0,0,0.001,0.001,0.252,0.002,0,0,0.004,0,0,0,0.021,0.003,0,0,0.008,0,0,0.021,0.015,0,0,0,0,0,0,0,0,0.003,0,0.238,0,0,0.007,0.029
"425",0.007,0,0,0,0,0.472,0,0.001,0.005,0,0.015,0,0.023,0.044,0.006,0,0.012,0,0,0,0.004,0.001,0.003,0.009,0.001,0,0,0,0.003,0,0.003,0,0,0,0.002,0.001,0,0,0,0,0,0,0,0,0.064,0,0,0.057,0
"426",0,0.058,0,0.029,0,0.001,0.016,0.024,0,0,0.029,0,0,0.084,0,0,0,0,0,0,0,0.025,0.003,0.033,0,0,0,0,0.357,0,0.006,0.006,0,0,0,0,0.001,0.018,0,0.003,0,0,0.022,0,0,0.012,0.004,0,0.025
"427",0.03,0.101,0,0,0,0,0,0.001,0,0,0.2,0,0,0,0.074,0,0.001,0.001,0,0,0,0.047,0.028,0.022,0.003,0,0,0,0,0.189,0,0.009,0,0,0.002,0,0.001,0,0,0.062,0,0.029,0,0,0,0,0,0.109,0.032
"428",0.013,0,0,0.255,0,0,0.007,0.004,0.022,0,0.001,0,0.012,0,0,0,0.001,0.026,0,0,0,0.09,0,0,0,0,0.017,0,0,0.05,0,0,0.089,0.006,0,0,0,0,0.007,0,0.04,0,0.045,0,0.124,0,0,0.178,0.009
"429",0,0,0,0.249,0.003,0.016,0,0,0.002,0,0.004,0.167,0,0.002,0,0,0,0.037,0.044,0,0.005,0.11,0,0,0.009,0.007,0.009,0,0,0,0.052,0,0,0,0,0,0.001,0.174,0.002,0,0.001,0.071,0.001,0.001,0.023,0,0.006,0,0
"430",0.01,0,0.128,0.249,0,0,0,0.034,0.152,0,0.003,0.091,0,0,0,0.017,0.001,0,0.093,0.004,0,0,0,0,0,0,0.005,0.001,0,0.002,0,0,0,0.027,0,0,0.007,0.056,0,0,0.001,0.085,0.003,0.003,0.001,0.02,0,0.006,0
"431",0,0,0,0.104,0,0,0,0.062,0.004,0,0.077,0,0,0,0.001,0.021,0,0.009,0,0,0,0,0,0,0.002,0,0.027,0,0,0.001,0,0,0.018,0,0.458,0.001,0.001,0,0,0,0,0,0,0,0.185,0,0,0.019,0
"432",0,0,0.021,0.042,0,0,0,0,0,0,0,0.289,0,0.247,0,0.012,0.011,0,0.111,0,0.001,0.001,0,0,0.01,0,0.035,0,0,0,0,0,0.001,0.027,0,0,0,0.001,0,0,0,0,0.032,0.036,0.006,0,0.012,0.001,0.001
"433",0.002,0.009,0,0.071,0,0,0,0.031,0.109,0,0,0,0,0.054,0,0.002,0,0,0,0,0,0.044,0,0.019,0,0.034,0.011,0,0,0,0,0,0.004,0,0,0.319,0,0,0,0,0.016,0.025,0,0,0.128,0,0.019,0.097,0
"434",0,0.091,0.094,0.003,0,0,0.003,0,0.071,0.008,0.019,0,0,0,0,0,0,0,0,0,0,0.004,0,0.011,0,0,0.001,0,0,0.031,0,0,0.023,0,0,0.012,0,0.005,0,0.001,0,0.036,0.028,0,0.189,0.015,0.231,0,0
"435",0,0,0.003,0.085,0,0,0,0,0,0.005,0.013,0.001,0.008,0.084,0,0.033,0.031,0,0.003,0.029,0,0.302,0,0.011,0.006,0.002,0,0.029,0,0,0.001,0,0,0.012,0.012,0,0,0,0,0,0,0,0,0,0,0,0.101,0.014,0
"436",0,0.056,0,0.046,0,0.001,0.013,0,0,0.006,0.001,0,0,0.112,0,0,0.034,0,0,0,0,0.017,0.298,0,0,0,0,0,0.139,0.001,0,0,0,0,0,0,0,0.014,0,0,0.012,0,0,0,0,0,0,0.052,0
"437",0,0,0.066,0.03,0,0.004,0,0,0.07,0,0,0,0.001,0.295,0,0,0,0,0,0,0,0.001,0,0,0,0,0,0,0,0,0.002,0,0,0.03,0,0.002,0.003,0.026,0,0,0.05,0.051,0.041,0.019,0.148,0,0.118,0.038,0
"438",0,0,0.038,0.02,0,0,0,0,0,0.052,0.012,0.055,0.01,0.018,0,0.05,0.019,0.012,0.007,0,0,0,0,0,0.014,0,0.4,0,0.001,0,0,0,0.088,0.005,0,0,0.003,0,0.01,0,0.002,0,0,0.003,0.162,0,0.018,0,0.001
"439",0.044,0.022,0,0,0,0.014,0,0,0.031,0,0,0,0,0.027,0.001,0.019,0,0,0,0,0,0.008,0.013,0.02,0,0.293,0.001,0,0.005,0.049,0,0.025,0,0.013,0,0,0,0,0,0,0.008,0,0,0,0,0,0.079,0.001,0
"440",0.001,0.429,0.014,0.069,0,0,0,0.002,0.001,0.002,0.043,0.05,0,0.033,0.002,0.001,0.006,0,0,0.002,0,0,0,0,0.015,0,0,0,0.069,0.085,0,0,0,0.007,0,0,0,0.027,0,0,0.013,0,0.036,0,0.04,0,0,0,0.002
"441",0,0.003,0.026,0,0,0,0.009,0,0,0.024,0.025,0,0,0.078,0,0.009,0.046,0,0,0.103,0,0.044,0.03,0,0,0,0,0.002,0,0,0.238,0,0,0,0,0,0,0.135,0.001,0,0,0,0.01,0,0,0,0,0,0
"442",0,0,0,0.024,0,0,0,0,0,0,0,0,0.006,0.102,0.004,0.012,0,0.015,0.013,0.007,0,0.114,0,0,0.001,0.395,0,0,0,0,0.001,0,0,0,0,0,0,0,0,0.022,0,0,0,0,0,0,0.003,0,0
"443",0,0.022,0,0.102,0,0,0.034,0.003,0,0.264,0.001,0,0,0.132,0,0,0.009,0,0,0.024,0,0.004,0.054,0,0.001,0,0,0.002,0.006,0.002,0.004,0.002,0.078,0,0,0,0,0.045,0.04,0,0.01,0,0.037,0,0.022,0.029,0.032,0,0.015
"444",0,0.001,0.042,0.033,0,0,0,0,0.101,0,0,0,0,0.01,0.034,0,0,0,0.019,0,0.019,0.02,0,0,0,0,0,0,0.001,0.031,0,0,0.007,0,0.012,0.003,0.001,0,0,0,0.02,0.023,0.06,0.018,0.177,0,0.001,0.36,0.008
"445",0.023,0,0,0.049,0,0,0,0.018,0,0,0.002,0.003,0.072,0,0,0,0.017,0.006,0,0,0,0,0.023,0.001,0.066,0,0.281,0,0,0,0,0,0.089,0,0,0,0,0,0,0.001,0,0,0.001,0.058,0.173,0,0,0.008,0
"446",0,0.442,0.002,0.142,0,0,0.013,0.004,0,0,0,0,0,0.143,0.002,0.037,0,0,0,0.016,0,0,0,0,0.001,0.007,0,0.018,0,0.019,0,0,0,0.004,0,0,0,0.048,0,0,0.004,0,0,0,0,0,0,0,0.003
"447",0,0,0.059,0.046,0,0,0.002,0.167,0.166,0.072,0.012,0,0,0.027,0,0,0.001,0,0,0,0,0.014,0,0,0,0,0,0,0,0.02,0,0,0.068,0.007,0,0,0,0.002,0,0,0,0,0.043,0.055,0.192,0,0,0.002,0
"448",0,0,0,0,0,0,0.351,0.012,0,0,0.11,0,0.16,0,0.074,0.001,0,0.001,0,0,0.001,0.001,0,0,0,0.052,0.183,0,0,0.033,0.001,0,0,0,0,0.003,0,0,0,0.016,0,0,0,0,0,0,0,0,0
"449",0,0,0,0.018,0,0.001,0,0.085,0.058,0.02,0,0,0.005,0,0,0.001,0,0,0,0,0,0.006,0,0.034,0,0,0.017,0,0,0.053,0,0,0,0.005,0,0.001,0,0,0,0,0.403,0,0,0.026,0.194,0,0,0,0.015
"450",0,0,0,0.015,0,0,0,0,0.003,0,0,0,0.595,0.043,0.008,0.003,0,0,0,0,0,0,0,0.001,0,0,0,0,0,0.002,0,0.002,0,0,0,0.001,0,0,0.002,0.001,0.01,0,0.001,0,0,0,0,0.001,0.001
"451",0,0,0,0.073,0,0,0,0,0.337,0,0,0.001,0.028,0.034,0.028,0.073,0.001,0,0,0,0,0,0,0,0,0,0,0,0,0,0.005,0,0,0,0,0,0,0,0,0,0,0.035,0,0.005,0.328,0,0.029,0.01,0
"452",0,0.06,0.002,0.002,0,0,0,0.097,0.021,0,0.099,0,0,0.024,0,0,0.006,0,0.001,0,0.002,0.082,0,0.27,0,0,0,0,0.004,0.002,0,0,0,0.001,0,0,0,0,0,0,0.015,0.054,0,0,0.135,0.001,0.015,0.105,0.001
"453",0,0,0.038,0.053,0,0,0,0,0.015,0,0,0,0,0.097,0,0,0,0.001,0,0,0.003,0.038,0,0,0,0,0.012,0,0,0,0.002,0,0.017,0,0,0,0.538,0,0.003,0.001,0.007,0,0.005,0,0.097,0,0.002,0,0
"454",0,0,0.027,0.018,0,0.004,0,0.398,0.095,0,0.009,0.003,0,0,0,0.031,0.007,0,0,0,0,0,0,0,0.013,0.031,0.009,0,0.001,0.005,0.001,0,0.023,0,0,0.018,0,0,0,0.003,0,0.003,0.02,0.041,0.142,0,0,0,0.014
"455",0.013,0.001,0,0,0,0.005,0.003,0.001,0.028,0.042,0.007,0.001,0.026,0,0,0.039,0.018,0,0,0,0,0.028,0.029,0.023,0.01,0,0.011,0,0.001,0,0.002,0.014,0,0,0.007,0,0,0,0,0.233,0.011,0,0.009,0,0.104,0,0.018,0.022,0
"456",0,0,0,0.044,0.009,0.001,0,0.014,0.186,0.002,0.009,0,0,0.076,0,0.019,0,0,0.221,0,0.012,0,0,0.005,0,0,0,0.001,0.001,0.013,0,0,0,0,0,0,0.008,0,0,0.015,0.005,0.001,0.018,0,0.233,0,0,0.009,0
"457",0.008,0,0,0.035,0,0,0,0,0.087,0,0.019,0,0.001,0,0.003,0.001,0,0.022,0,0,0,0.014,0,0.014,0,0,0,0.001,0,0.055,0,0,0,0.014,0,0,0,0,0,0.001,0,0,0,0,0.131,0,0.003,0.585,0
"458",0,0.067,0,0.241,0.002,0,0,0.001,0,0.278,0.047,0,0.016,0,0,0,0,0,0,0.104,0,0,0,0.019,0,0,0.003,0,0,0.027,0,0.001,0.135,0.001,0.002,0.001,0.003,0,0,0.006,0.011,0,0.001,0,0,0,0,0.001,0.032
"459",0.038,0,0.062,0.043,0,0.001,0,0,0,0.001,0.001,0.003,0.006,0.166,0,0,0.012,0.008,0,0,0,0,0.035,0.005,0.103,0,0.017,0,0,0,0.03,0,0.005,0.001,0,0,0.001,0.057,0.011,0,0,0,0.14,0.006,0.072,0.004,0,0,0.007
"460",0.002,0,0.004,0.125,0,0,0.04,0.004,0.023,0,0,0,0,0.035,0,0,0,0.389,0,0,0,0,0.045,0,0,0.005,0,0,0,0,0.016,0,0,0,0,0,0,0,0.08,0,0,0.003,0,0.059,0.103,0,0.004,0,0
"461",0,0,0.076,0.081,0,0.003,0,0,0.029,0,0,0,0.007,0.185,0.007,0,0.024,0.316,0.016,0,0,0,0,0,0,0.004,0.01,0,0,0,0.003,0,0,0.021,0,0,0,0,0,0,0.053,0.001,0,0,0.044,0,0.002,0,0
"462",0.001,0,0,0.052,0,0,0,0,0.014,0,0.014,0,0,0.055,0,0.004,0,0.005,0,0,0.002,0,0,0,0,0,0,0,0,0,0,0,0,0.445,0.003,0,0,0,0,0.001,0,0,0,0,0.198,0,0,0.028,0
"463",0,0,0,0.083,0,0,0.001,0.002,0,0.006,0,0,0.009,0.052,0.003,0,0,0.008,0,0,0,0,0,0.015,0,0,0.202,0,0,0,0,0,0.036,0,0,0.013,0,0,0.205,0,0,0,0.034,0.019,0.154,0.013,0,0.005,0.099
"464",0,0,0.446,0.054,0,0,0.007,0,0.07,0,0.005,0,0,0.156,0,0.005,0,0.009,0,0,0,0.075,0,0,0,0.032,0,0.003,0,0,0,0,0,0,0.004,0,0,0.001,0.006,0,0,0.01,0.015,0,0.064,0,0.007,0.006,0
"465",0,0.076,0,0.034,0,0,0.18,0,0,0,0,0,0.004,0,0,0.029,0.06,0,0,0.003,0,0.1,0.041,0.109,0,0.007,0,0,0,0.15,0,0,0,0,0,0,0,0,0.097,0.038,0,0.003,0,0,0,0,0,0.013,0
"466",0.031,0,0.009,0.015,0,0.016,0,0,0.111,0,0,0,0.013,0.078,0.031,0.044,0,0,0,0,0,0.005,0,0.011,0.003,0,0,0,0,0,0,0,0.008,0,0,0,0,0,0,0,0.031,0,0,0.018,0.086,0,0.249,0.02,0.009
"467",0,0,0,0.055,0.007,0,0,0,0.021,0.009,0.045,0,0,0.001,0,0.002,0,0.325,0,0,0,0.052,0,0,0.002,0,0,0,0,0,0,0,0.102,0,0,0,0,0,0.001,0,0,0.001,0.013,0,0.32,0,0,0,0.042
"468",0,0,0,0.088,0,0.001,0,0.502,0.075,0.001,0.022,0,0,0,0,0.012,0,0.024,0,0,0.003,0,0,0,0.001,0,0.026,0,0,0,0.001,0,0.035,0.007,0.013,0,0,0,0.002,0,0,0,0,0,0.149,0,0,0.009,0
"469",0,0.005,0,0.095,0.009,0,0,0.001,0.008,0,0.015,0.002,0.477,0.017,0,0,0,0.023,0,0,0,0,0.005,0,0,0.001,0.009,0,0,0,0,0,0.056,0.008,0.008,0,0,0,0,0,0.006,0,0.004,0,0.127,0,0,0,0
"470",0,0,0,0,0,0,0,0,0,0,0.009,0,0,0.014,0,0,0,0,0,0,0,0,0,0,0,0.009,0,0,0.551,0.022,0,0.009,0,0,0,0,0,0,0,0.001,0,0,0,0.001,0.003,0,0,0,0
"471",0,0.091,0,0,0,0,0,0.043,0,0,0.2,0,0,0,0,0,0,0,0,0,0,0.029,0,0,0.004,0,0,0.004,0.002,0.082,0,0,0,0.007,0.112,0,0,0,0,0.001,0,0,0.01,0,0.051,0,0.29,0,0
"472",0.011,0,0,0.038,0,0,0,0.003,0.017,0,0.018,0,0,0.108,0.001,0,0,0,0,0,0,0.006,0.27,0.001,0.012,0,0,0.004,0,0,0,0,0.001,0,0,0,0,0,0,0.162,0.019,0,0,0,0.025,0,0.027,0,0.015
"473",0,0.087,0.001,0.031,0.001,0,0,0.145,0.005,0,0.048,0,0.001,0,0,0.004,0,0,0,0.01,0,0,0,0.284,0.012,0,0,0,0.027,0.017,0,0,0.001,0,0,0,0,0,0,0.034,0.003,0,0.002,0.029,0.131,0,0,0,0
"474",0,0,0,0.034,0,0,0,0,0,0.007,0,0,0.149,0,0,0.001,0,0.366,0,0,0,0,0,0,0,0,0.032,0,0,0.001,0,0.002,0.02,0,0,0.102,0,0,0.01,0,0,0,0,0,0.144,0.005,0.043,0.003,0
"475",0,0,0,0,0,0,0,0.001,0.075,0,0,0,0.005,0.058,0,0.054,0,0,0.081,0,0,0.001,0,0.041,0,0,0.024,0,0,0,0,0,0.001,0.232,0,0.004,0.001,0,0,0,0,0.014,0.014,0,0.244,0,0,0.037,0
"476",0.017,0.003,0,0.032,0,0.006,0,0,0.057,0,0,0,0,0.091,0.001,0.001,0.004,0.008,0,0,0.001,0.021,0,0,0,0.021,0.014,0,0,0,0.226,0,0,0,0,0,0.003,0,0,0,0,0,0,0,0.16,0,0.033,0.006,0
"477",0,0,0.002,0.032,0.002,0,0,0.027,0.121,0,0.077,0,0,0,0,0,0,0,0,0.001,0,0.021,0,0.089,0,0.059,0.001,0,0,0.047,0,0,0,0,0.021,0,0,0,0,0.002,0.024,0,0.007,0.05,0.162,0,0.121,0.103,0
"478",0,0,0,0,0,0,0,0,0.028,0,0.006,0.001,0,0.088,0,0.01,0,0.019,0,0,0,0,0,0.082,0,0.019,0,0,0,0.05,0,0,0,0.002,0,0,0,0,0,0,0,0,0.001,0,0.293,0.001,0.059,0,0
"479",0,0,0.086,0.065,0,0,0,0,0.116,0,0,0.168,0.001,0.125,0,0,0,0.016,0.003,0,0,0.022,0,0,0.001,0.013,0,0,0,0,0.012,0,0,0,0,0,0,0.009,0,0.001,0.001,0,0.038,0,0.029,0,0.151,0.009,0
"480",0.004,0,0.04,0.08,0,0.005,0.001,0,0,0.012,0,0,0.015,0.164,0,0,0.021,0,0.003,0.029,0,0,0,0.001,0.001,0.028,0.035,0,0,0,0.016,0,0.023,0,0,0.01,0,0.024,0.363,0,0,0,0.02,0,0.072,0.006,0.003,0,0.002
"481",0,0,0,0,0,0,0,0,0,0,0,0,0.085,0.052,0,0,0,0,0,0,0,0,0.216,0,0,0.365,0.01,0.001,0,0,0,0,0,0,0.001,0,0,0,0.001,0,0,0,0,0.001,0,0,0,0.003,0
"482",0.001,0.008,0.001,0.056,0,0.008,0,0,0.123,0.001,0,0.038,0,0.044,0,0,0,0.002,0,0,0.012,0,0,0,0.009,0,0,0,0,0.018,0,0,0,0,0,0.005,0.004,0,0,0.029,0.008,0,0.003,0.041,0.203,0.003,0.119,0.068,0
"483",0,0,0,0.029,0,0,0,0,0.198,0,0.007,0.001,0,0.015,0,0,0,0.028,0.041,0.002,0,0.052,0.004,0.007,0,0.001,0,0.001,0,0,0,0,0,0.012,0,0.004,0.341,0,0,0,0,0.001,0.007,0,0.123,0,0,0.123,0
"484",0,0.001,0.326,0.122,0,0.012,0.001,0,0.066,0,0.001,0,0,0.005,0,0.001,0.001,0,0.001,0,0,0,0.001,0.011,0,0,0.003,0.001,0,0,0,0.003,0.003,0.014,0.021,0,0.001,0.007,0,0,0.003,0.129,0,0,0.2,0,0,0,0
"485",0,0,0.015,0.193,0,0,0.001,0,0.001,0,0,0,0,0.131,0,0,0.001,0,0,0.001,0,0.011,0.004,0,0,0,0,0,0,0,0,0.001,0.239,0.005,0,0.006,0,0,0.024,0.001,0,0,0.013,0,0.304,0,0,0.009,0.037
"486",0,0,0.03,0.007,0,0,0,0.002,0.046,0,0.007,0,0.015,0,0.008,0.335,0,0.002,0.008,0.015,0,0,0,0.035,0.016,0.022,0.016,0,0,0,0,0.001,0.004,0,0,0,0,0,0.019,0,0.016,0,0.031,0,0.16,0,0.02,0.001,0
"487",0,0.009,0,0.032,0,0.001,0,0,0.16,0,0,0.001,0.005,0.011,0,0,0,0,0.053,0,0.002,0,0.001,0.049,0.001,0,0.008,0,0,0.045,0,0,0,0.32,0,0,0,0,0,0,0.002,0,0.014,0,0.105,0.007,0.047,0.025,0
"488",0,0.01,0,0.024,0,0.004,0,0,0.041,0.402,0.01,0.015,0,0.043,0,0.022,0.004,0,0,0.006,0,0,0.018,0.026,0.009,0,0,0,0,0.01,0,0,0.066,0,0,0,0,0,0.019,0,0,0,0,0.084,0.135,0,0.001,0,0
"489",0.033,0.001,0,0.022,0,0,0,0.017,0,0.03,0,0,0.081,0,0,0.014,0.267,0,0,0,0,0.045,0,0.008,0,0,0.092,0,0,0.004,0.001,0.001,0,0,0.003,0.001,0,0,0,0.021,0,0,0,0.037,0.069,0,0,0,0
"490",0,0,0.041,0.08,0.001,0,0.013,0.015,0.079,0,0,0.01,0,0.05,0,0.012,0,0,0.014,0,0,0.015,0,0.007,0,0.001,0.017,0,0.006,0,0,0,0.01,0.417,0.001,0.014,0.001,0,0,0.002,0.009,0,0.029,0.004,0.083,0,0,0.008,0
"491",0,0.041,0.078,0.021,0,0.004,0,0,0.028,0,0.018,0,0,0,0.001,0,0,0,0.009,0,0,0,0.001,0.08,0.003,0,0,0.001,0,0.01,0,0,0,0.084,0,0,0.009,0,0.004,0,0.003,0.004,0.052,0.366,0.148,0,0.027,0,0
"492",0.029,0.001,0,0.001,0,0.027,0,0,0.037,0,0,0,0,0.055,0.005,0,0,0.011,0.016,0,0,0.001,0,0.006,0,0,0.023,0,0.003,0,0.02,0,0,0,0,0.006,0,0,0,0,0.048,0,0.024,0,0.105,0,0.406,0.012,0
"493",0,0,0.089,0.059,0,0,0,0.005,0.005,0,0,0,0,0.056,0.003,0.021,0,0,0.001,0.067,0.001,0,0,0,0,0.002,0,0.011,0.029,0,0.001,0.01,0,0.005,0,0.141,0.004,0.106,0.038,0,0,0,0.006,0,0.103,0,0.043,0,0
"494",0.007,0,0,0.071,0,0,0,0.02,0.04,0.056,0,0,0.017,0,0.008,0,0.004,0,0,0.016,0,0.016,0.002,0,0,0,0.051,0.015,0,0,0.003,0,0.373,0.008,0.015,0,0,0,0.081,0,0.013,0.001,0,0,0.098,0.003,0,0.025,0.004
"495",0.006,0.013,0.014,0,0,0,0,0,0,0,0.001,0.007,0,0.057,0,0,0,0,0,0,0,0,0.346,0,0,0.002,0.026,0.007,0,0,0.003,0,0,0,0,0,0,0,0,0,0,0,0,0,0,0,0.011,0,0
"496",0,0,0,0.037,0,0.005,0,0.008,0,0,0.034,0.006,0.014,0.034,0,0,0.001,0,0,0,0,0,0,0.076,0,0,0.36,0,0,0.022,0.001,0,0.009,0,0.003,0.096,0,0.006,0.003,0.001,0,0,0,0,0.093,0,0,0.015,0
"497",0.002,0,0.05,0.046,0,0.001,0,0.001,0.102,0,0.039,0,0,0.043,0.02,0.009,0.001,0,0,0.001,0.007,0.034,0.011,0.001,0,0.006,0,0,0,0,0.01,0.005,0,0,0,0,0,0,0.246,0.003,0,0.017,0,0,0.095,0,0.044,0.011,0
"498",0,0,0,0,0,0,0,0,0.039,0.017,0.002,0,0,0,0,0,0,0,0.091,0,0,0.023,0,0,0.007,0,0,0,0,0,0.025,0,0,0.038,0,0,0,0,0.001,0,0.071,0,0,0.091,0.409,0,0,0.042,0
"499",0,0,0.038,0.042,0,0,0.003,0.022,0.01,0,0,0,0,0.136,0,0,0.015,0.018,0.08,0,0,0.155,0.014,0,0,0,0,0.001,0,0,0,0,0,0.019,0,0,0.002,0.06,0,0,0,0.233,0,0,0.037,0,0.033,0,0
"500",0,0,0,0.076,0,0,0,0.03,0.225,0.001,0,0,0,0.042,0,0.01,0,0,0.149,0,0,0.03,0,0,0,0.002,0.017,0,0,0,0,0,0.004,0.001,0,0,0.002,0,0,0,0,0.001,0.017,0.001,0.261,0,0.001,0.048,0.037
"501",0.329,0,0,0.035,0,0,0,0,0.093,0,0,0,0,0.075,0,0,0,0.006,0.004,0,0,0.018,0,0,0.003,0,0,0,0,0,0,0,0,0.012,0,0,0.002,0,0,0,0.003,0,0,0.014,0.193,0,0.044,0.029,0
"502",0.011,0,0.116,0.041,0,0,0,0.084,0,0.028,0.051,0.041,0.001,0,0,0,0,0,0,0,0,0.02,0.015,0.195,0.015,0.016,0.011,0,0,0,0,0,0.054,0,0.001,0.004,0,0,0,0,0,0,0.024,0.049,0.147,0,0.042,0,0.034
"503",0.002,0,0,0.023,0.017,0.003,0,0,0,0.276,0.001,0,0,0.059,0.005,0.012,0,0.02,0,0.001,0,0.003,0,0.005,0.016,0,0,0,0,0.013,0,0,0.032,0.009,0,0,0,0,0.049,0.004,0.01,0,0,0.16,0.159,0,0,0,0.01
"504",0.011,0,0.026,0.11,0,0.009,0.001,0.019,0.024,0.023,0.068,0.058,0.007,0.118,0.015,0,0,0,0.05,0.029,0.003,0,0,0.003,0,0.004,0.017,0,0.001,0,0.037,0.001,0.105,0.042,0.029,0.005,0.001,0,0.018,0,0.01,0.023,0.044,0,0.031,0,0.003,0,0
"505",0.059,0.211,0.001,0.004,0,0,0,0.007,0.097,0,0,0,0,0.006,0,0.004,0,0,0,0,0,0.071,0,0.045,0,0,0.013,0,0,0,0,0,0,0,0,0,0,0,0,0,0.026,0.001,0,0,0.096,0,0.08,0.105,0
"506",0.158,0.088,0.027,0.035,0,0,0,0.022,0.082,0,0.016,0,0.011,0.001,0,0.021,0.001,0,0,0,0,0.027,0,0.148,0,0,0,0.006,0,0.002,0.026,0.001,0,0.001,0.001,0,0,0,0.001,0,0.002,0.01,0,0,0.174,0,0.071,0.026,0
"507",0,0,0.089,0.054,0,0,0,0,0.313,0,0,0,0.004,0.082,0,0,0,0,0.001,0,0,0,0,0.022,0,0,0,0.001,0,0.002,0,0,0,0.01,0,0,0,0,0,0,0.014,0.01,0,0.012,0.274,0,0,0.042,0.003
"508",0,0,0,0.029,0,0,0,0,0.091,0,0.004,0.153,0,0.118,0.003,0.015,0,0.019,0,0,0.001,0.044,0,0.041,0,0,0,0,0,0,0,0,0,0.049,0.001,0,0,0,0,0.001,0.041,0,0,0,0.3,0.001,0,0.022,0
"509",0,0,0.358,0.16,0,0,0,0,0,0,0,0,0,0.166,0,0,0,0,0,0,0,0.091,0,0,0.002,0,0.006,0,0,0,0,0,0,0,0,0,0,0,0,0,0.052,0.017,0,0,0.099,0,0,0.046,0
"510",0,0,0,0.092,0,0,0,0,0,0.317,0,0,0,0,0,0.001,0,0,0,0,0,0,0.015,0,0,0,0,0,0,0,0,0,0.068,0.013,0,0.008,0,0,0.017,0,0,0,0,0.056,0.121,0.017,0.001,0.001,0.253
